,Merchant Identifier,Number of Transactions,Non-Fraudulent Transactions,Fraudulent Transactions,proportion_of_fraudulent_transactions
1806,merchant 2624,1,0.0,1.0,1.0
2324,merchant 699,1,0.0,1.0,1.0
1275,merchant 2146,1,0.0,1.0,1.0
1187,merchant 2067,1,0.0,1.0,1.0
1515,merchant 2362,3,0.0,3.0,1.0
856,merchant 177,20,9.0,11.0,0.55
2141,merchant 533,2,1.0,1.0,0.5
866,merchant 1779,2,1.0,1.0,0.5
2197,merchant 584,2,1.0,1.0,0.5
2630,merchant 974,7,5.0,2.0,0.2857142857142857
1070,merchant 1962,4,3.0,1.0,0.25
2455,merchant 816,4,3.0,1.0,0.25
2572,merchant 921,4,3.0,1.0,0.25
647,merchant 1581,4,3.0,1.0,0.25
130,merchant 1115,4,3.0,1.0,0.25
2482,merchant 840,4,3.0,1.0,0.25
1235,merchant 211,4,3.0,1.0,0.25
185,merchant 1165,10,8.0,2.0,0.2
102,merchant 1090,6,5.0,1.0,0.16666666666666666
857,merchant 1770,6,5.0,1.0,0.16666666666666666
2316,merchant 691,6,5.0,1.0,0.16666666666666666
2005,merchant 410,19,16.0,3.0,0.15789473684210525
481,merchant 1431,9,8.0,1.0,0.1111111111111111
430,merchant 1386,18,16.0,2.0,0.1111111111111111
357,merchant 132,9,8.0,1.0,0.1111111111111111
29,merchant 1024,9,8.0,1.0,0.1111111111111111
1891,merchant 308,9,8.0,1.0,0.1111111111111111
258,merchant 1230,10,9.0,1.0,0.1
2523,merchant 878,43,39.0,4.0,0.09302325581395349
1967,merchant 377,98,89.0,9.0,0.09183673469387756
1634,merchant 247,33,30.0,3.0,0.09090909090909091
442,merchant 1397,11,10.0,1.0,0.09090909090909091
819,merchant 1736,12,11.0,1.0,0.08333333333333333
2250,merchant 631,12,11.0,1.0,0.08333333333333333
2220,merchant 604,13,12.0,1.0,0.07692307692307693
2441,merchant 803,27,25.0,2.0,0.07407407407407407
2432,merchant 796,14,13.0,1.0,0.07142857142857142
17,merchant 1013,44,41.0,3.0,0.06818181818181818
2073,merchant 472,30,28.0,2.0,0.06666666666666667
290,merchant 126,17,16.0,1.0,0.058823529411764705
1778,merchant 26,223,214.0,9.0,0.04035874439461883
479,merchant 143,32,31.0,1.0,0.03125
1970,merchant 38,96,93.0,3.0,0.03125
2227,merchant 610,35,34.0,1.0,0.02857142857142857
1501,merchant 235,184,179.0,5.0,0.02717391304347826
1848,merchant 27,111,108.0,3.0,0.02702702702702703
2001,merchant 407,77,75.0,2.0,0.025974025974025976
434,merchant 139,122,119.0,3.0,0.02459016393442623
1179,merchant 206,449,439.0,10.0,0.022271714922048998
2013,merchant 418,135,132.0,3.0,0.022222222222222223
2201,merchant 588,47,46.0,1.0,0.02127659574468085
1146,merchant 203,97,95.0,2.0,0.020618556701030927
1893,merchant 31,154,151.0,3.0,0.01948051948051948
1887,merchant 304,156,153.0,3.0,0.019230769230769232
623,merchant 156,104,102.0,2.0,0.019230769230769232
2326,merchant 70,164,161.0,3.0,0.018292682926829267
457,merchant 141,223,219.0,4.0,0.017937219730941704
534,merchant 148,170,167.0,3.0,0.01764705882352941
1948,merchant 36,178,175.0,3.0,0.016853932584269662
1412,merchant 227,120,118.0,2.0,0.016666666666666666
2548,merchant 90,183,180.0,3.0,0.01639344262295082
2301,merchant 678,62,61.0,1.0,0.016129032258064516
656,merchant 159,128,126.0,2.0,0.015625
2322,merchant 697,79,78.0,1.0,0.012658227848101266
1879,merchant 298,158,156.0,2.0,0.012658227848101266
1993,merchant 40,397,392.0,5.0,0.012594458438287154
2029,merchant 432,164,162.0,2.0,0.012195121951219513
2047,merchant 449,84,83.0,1.0,0.011904761904761904
1901,merchant 317,346,342.0,4.0,0.011560693641618497
2294,merchant 671,87,86.0,1.0,0.011494252873563218
1334,merchant 22,182,180.0,2.0,0.01098901098901099
1863,merchant 283,94,93.0,1.0,0.010638297872340425
1984,merchant 392,102,101.0,1.0,0.00980392156862745
2137,merchant 53,317,314.0,3.0,0.00946372239747634
956,merchant 186,221,219.0,2.0,0.00904977375565611
545,merchant 149,489,485.0,4.0,0.0081799591002045
2237,merchant 62,497,493.0,4.0,0.008048289738430584
1959,merchant 37,383,380.0,3.0,0.007832898172323759
13,merchant 101,386,383.0,3.0,0.007772020725388601
2160,merchant 550,141,140.0,1.0,0.0070921985815602835
2436,merchant 8,428,425.0,3.0,0.007009345794392523
2603,merchant 95,464,461.0,3.0,0.00646551724137931
2481,merchant 84,164,163.0,1.0,0.006097560975609756
867,merchant 178,171,170.0,1.0,0.005847953216374269
2403,merchant 77,187,186.0,1.0,0.0053475935828877
1992,merchant 4,988,983.0,5.0,0.005060728744939271
379,merchant 134,225,224.0,1.0,0.0044444444444444444
1904,merchant 32,251,250.0,1.0,0.00398406374501992
224,merchant 120,2373,2364.0,9.0,0.0037926675094816687
2015,merchant 42,269,268.0,1.0,0.0037174721189591076
2126,merchant 52,277,276.0,1.0,0.0036101083032490976
1871,merchant 290,280,279.0,1.0,0.0035714285714285713
2226,merchant 61,321,320.0,1.0,0.003115264797507788
2159,merchant 55,745,743.0,2.0,0.0026845637583892616
1111,merchant 2,2905,2898.0,7.0,0.0024096385542168677
2392,merchant 76,2566,2560.0,6.0,0.002338269680436477
2147,merchant 539,905,903.0,2.0,0.0022099447513812156
2570,merchant 92,972,970.0,2.0,0.00205761316872428
2547,merchant 9,2012,2008.0,4.0,0.0019880715705765406
301,merchant 127,551,550.0,1.0,0.0018148820326678765
112,merchant 11,2310,2306.0,4.0,0.0017316017316017316
2259,merchant 64,734,733.0,1.0,0.0013623978201634877
1667,merchant 25,738,737.0,1.0,0.0013550135501355014
2536,merchant 89,814,813.0,1.0,0.0012285012285012285
2103,merchant 5,1707,1705.0,2.0,0.0011716461628588166
0,merchant 1,10968,10956.0,12.0,0.0010940919037199124
2059,merchant 46,4051,4048.0,3.0,0.0007405578869414959
1224,merchant 210,1390,1389.0,1.0,0.0007194244604316547
2325,merchant 7,2205,2204.0,1.0,0.00045351473922902497
1445,merchant 23,285,285.0,0.0,0.0
1794,merchant 2613,1,1.0,0.0,0.0
1795,merchant 2614,1,1.0,0.0,0.0
1796,merchant 2615,1,1.0,0.0,0.0
1797,merchant 2616,1,1.0,0.0,0.0
1798,merchant 2617,1,1.0,0.0,0.0
1799,merchant 2618,1,1.0,0.0,0.0
1800,merchant 2619,1,1.0,0.0,0.0
1792,merchant 2611,1,1.0,0.0,0.0
1801,merchant 262,10,10.0,0.0,0.0
1802,merchant 2620,1,1.0,0.0,0.0
1803,merchant 2621,1,1.0,0.0,0.0
1804,merchant 2622,1,1.0,0.0,0.0
1805,merchant 2623,1,1.0,0.0,0.0
1390,merchant 225,29,29.0,0.0,0.0
1389,merchant 2249,1,1.0,0.0,0.0
1793,merchant 2612,1,1.0,0.0,0.0
1790,merchant 261,11,11.0,0.0,0.0
1791,merchant 2610,1,1.0,0.0,0.0
1807,merchant 2625,1,1.0,0.0,0.0
1775,merchant 2597,1,1.0,0.0,0.0
1776,merchant 2598,1,1.0,0.0,0.0
1777,merchant 2599,1,1.0,0.0,0.0
1391,merchant 2250,1,1.0,0.0,0.0
1779,merchant 260,991,991.0,0.0,0.0
1780,merchant 2600,1,1.0,0.0,0.0
1781,merchant 2601,1,1.0,0.0,0.0
1782,merchant 2602,1,1.0,0.0,0.0
1783,merchant 2603,1,1.0,0.0,0.0
1784,merchant 2604,1,1.0,0.0,0.0
1785,merchant 2605,1,1.0,0.0,0.0
1786,merchant 2606,1,1.0,0.0,0.0
1787,merchant 2607,1,1.0,0.0,0.0
1788,merchant 2608,1,1.0,0.0,0.0
1789,merchant 2609,1,1.0,0.0,0.0
1388,merchant 2248,2,2.0,0.0,0.0
1808,merchant 2626,1,1.0,0.0,0.0
1773,merchant 2595,2,2.0,0.0,0.0
1822,merchant 2639,1,1.0,0.0,0.0
1823,merchant 264,67,67.0,0.0,0.0
1824,merchant 2640,1,1.0,0.0,0.0
1825,merchant 2641,1,1.0,0.0,0.0
1381,merchant 2241,1,1.0,0.0,0.0
1826,merchant 2642,2,2.0,0.0,0.0
1827,merchant 2643,1,1.0,0.0,0.0
1380,merchant 2240,2,2.0,0.0,0.0
1379,merchant 224,115,115.0,0.0,0.0
1828,merchant 2644,1,1.0,0.0,0.0
1829,merchant 2645,1,1.0,0.0,0.0
1830,merchant 2646,1,1.0,0.0,0.0
1378,merchant 2239,1,1.0,0.0,0.0
1831,merchant 2647,1,1.0,0.0,0.0
1832,merchant 2648,1,1.0,0.0,0.0
1833,merchant 2649,1,1.0,0.0,0.0
1382,merchant 2242,2,2.0,0.0,0.0
1821,merchant 2638,1,1.0,0.0,0.0
1809,merchant 2627,1,1.0,0.0,0.0
1820,merchant 2637,1,1.0,0.0,0.0
1810,merchant 2628,1,1.0,0.0,0.0
1811,merchant 2629,1,1.0,0.0,0.0
1812,merchant 263,5,5.0,0.0,0.0
1813,merchant 2630,1,1.0,0.0,0.0
1814,merchant 2631,1,1.0,0.0,0.0
1815,merchant 2632,1,1.0,0.0,0.0
1816,merchant 2633,1,1.0,0.0,0.0
1387,merchant 2247,1,1.0,0.0,0.0
1817,merchant 2634,1,1.0,0.0,0.0
1818,merchant 2635,1,1.0,0.0,0.0
1819,merchant 2636,1,1.0,0.0,0.0
1386,merchant 2246,1,1.0,0.0,0.0
1385,merchant 2245,3,3.0,0.0,0.0
1384,merchant 2244,1,1.0,0.0,0.0
1383,merchant 2243,1,1.0,0.0,0.0
1774,merchant 2596,1,1.0,0.0,0.0
1772,merchant 2594,1,1.0,0.0,0.0
1835,merchant 2650,1,1.0,0.0,0.0
1730,merchant 2556,1,1.0,0.0,0.0
1404,merchant 2262,1,1.0,0.0,0.0
1403,merchant 2261,1,1.0,0.0,0.0
1732,merchant 2558,1,1.0,0.0,0.0
1733,merchant 2559,1,1.0,0.0,0.0
1402,merchant 2260,1,1.0,0.0,0.0
1734,merchant 256,184,184.0,0.0,0.0
1401,merchant 226,59,59.0,0.0,0.0
1735,merchant 2560,1,1.0,0.0,0.0
1736,merchant 2561,1,1.0,0.0,0.0
1737,merchant 2562,1,1.0,0.0,0.0
1738,merchant 2563,1,1.0,0.0,0.0
1739,merchant 2564,1,1.0,0.0,0.0
1400,merchant 2259,1,1.0,0.0,0.0
1740,merchant 2565,1,1.0,0.0,0.0
1741,merchant 2566,1,1.0,0.0,0.0
1731,merchant 2557,1,1.0,0.0,0.0
1729,merchant 2555,1,1.0,0.0,0.0
1771,merchant 2593,1,1.0,0.0,0.0
1728,merchant 2554,1,1.0,0.0,0.0
1715,merchant 2542,1,1.0,0.0,0.0
1406,merchant 2264,1,1.0,0.0,0.0
1716,merchant 2543,1,1.0,0.0,0.0
1717,merchant 2544,1,1.0,0.0,0.0
1718,merchant 2545,1,1.0,0.0,0.0
1719,merchant 2546,1,1.0,0.0,0.0
1720,merchant 2547,1,1.0,0.0,0.0
1721,merchant 2548,1,1.0,0.0,0.0
1722,merchant 2549,1,1.0,0.0,0.0
1723,merchant 255,206,206.0,0.0,0.0
1405,merchant 2263,1,1.0,0.0,0.0
1724,merchant 2550,1,1.0,0.0,0.0
1725,merchant 2551,1,1.0,0.0,0.0
1726,merchant 2552,1,1.0,0.0,0.0
1727,merchant 2553,2,2.0,0.0,0.0
1742,merchant 2567,1,1.0,0.0,0.0
1743,merchant 2568,1,1.0,0.0,0.0
1399,merchant 2258,2,2.0,0.0,0.0
1398,merchant 2257,2,2.0,0.0,0.0
1760,merchant 2583,1,1.0,0.0,0.0
1761,merchant 2584,1,1.0,0.0,0.0
1762,merchant 2585,1,1.0,0.0,0.0
1763,merchant 2586,1,1.0,0.0,0.0
1764,merchant 2587,1,1.0,0.0,0.0
1765,merchant 2588,2,2.0,0.0,0.0
1766,merchant 2589,1,1.0,0.0,0.0
1395,merchant 2254,1,1.0,0.0,0.0
1767,merchant 259,15,15.0,0.0,0.0
1768,merchant 2590,1,1.0,0.0,0.0
1769,merchant 2591,1,1.0,0.0,0.0
1394,merchant 2253,1,1.0,0.0,0.0
1393,merchant 2252,2,2.0,0.0,0.0
1770,merchant 2592,1,1.0,0.0,0.0
1392,merchant 2251,2,2.0,0.0,0.0
1759,merchant 2582,1,1.0,0.0,0.0
1758,merchant 2581,1,1.0,0.0,0.0
1757,merchant 2580,1,1.0,0.0,0.0
1749,merchant 2573,1,1.0,0.0,0.0
1744,merchant 2569,1,1.0,0.0,0.0
1745,merchant 257,7,7.0,0.0,0.0
1746,merchant 2570,2,2.0,0.0,0.0
1747,merchant 2571,1,1.0,0.0,0.0
1748,merchant 2572,1,1.0,0.0,0.0
1397,merchant 2256,1,1.0,0.0,0.0
1750,merchant 2574,1,1.0,0.0,0.0
1756,merchant 258,17,17.0,0.0,0.0
1396,merchant 2255,1,1.0,0.0,0.0
1751,merchant 2575,1,1.0,0.0,0.0
1752,merchant 2576,1,1.0,0.0,0.0
1753,merchant 2577,1,1.0,0.0,0.0
1754,merchant 2578,1,1.0,0.0,0.0
1755,merchant 2579,1,1.0,0.0,0.0
1834,merchant 265,300,300.0,0.0,0.0
1837,merchant 2652,1,1.0,0.0,0.0
1836,merchant 2651,1,1.0,0.0,0.0
1923,merchant 337,18,18.0,0.0,0.0
1361,merchant 2223,1,1.0,0.0,0.0
1925,merchant 339,57,57.0,0.0,0.0
1926,merchant 34,1259,1259.0,0.0,0.0
1927,merchant 340,8,8.0,0.0,0.0
1928,merchant 341,6,6.0,0.0,0.0
1929,merchant 342,81,81.0,0.0,0.0
1930,merchant 343,2,2.0,0.0,0.0
1931,merchant 344,62,62.0,0.0,0.0
1932,merchant 345,12,12.0,0.0,0.0
1933,merchant 346,33,33.0,0.0,0.0
1934,merchant 347,118,118.0,0.0,0.0
1360,merchant 2222,2,2.0,0.0,0.0
1935,merchant 348,34,34.0,0.0,0.0
1359,merchant 2221,4,4.0,0.0,0.0
1936,merchant 349,11,11.0,0.0,0.0
1924,merchant 338,8,8.0,0.0,0.0
1922,merchant 336,21,21.0,0.0,0.0
1938,merchant 350,1,1.0,0.0,0.0
1362,merchant 2224,4,4.0,0.0,0.0
1908,merchant 323,31,31.0,0.0,0.0
1909,merchant 324,16,16.0,0.0,0.0
1910,merchant 325,93,93.0,0.0,0.0
1911,merchant 326,4,4.0,0.0,0.0
1912,merchant 327,9,9.0,0.0,0.0
1913,merchant 328,14,14.0,0.0,0.0
1914,merchant 329,67,67.0,0.0,0.0
1915,merchant 33,511,511.0,0.0,0.0
1916,merchant 330,24,24.0,0.0,0.0
1917,merchant 331,6,6.0,0.0,0.0
1363,merchant 2225,1,1.0,0.0,0.0
1918,merchant 332,34,34.0,0.0,0.0
1919,merchant 333,38,38.0,0.0,0.0
1920,merchant 334,3,3.0,0.0,0.0
1921,merchant 335,51,51.0,0.0,0.0
1937,merchant 35,92,92.0,0.0,0.0
1939,merchant 351,26,26.0,0.0,0.0
1713,merchant 2540,1,1.0,0.0,0.0
1954,merchant 365,230,230.0,0.0,0.0
1956,merchant 367,159,159.0,0.0,0.0
1957,merchant 368,5,5.0,0.0,0.0
1958,merchant 369,49,49.0,0.0,0.0
1353,merchant 2216,1,1.0,0.0,0.0
1352,merchant 2215,3,3.0,0.0,0.0
1960,merchant 370,7,7.0,0.0,0.0
1961,merchant 371,62,62.0,0.0,0.0
1962,merchant 372,209,209.0,0.0,0.0
1963,merchant 373,80,80.0,0.0,0.0
1964,merchant 374,20,20.0,0.0,0.0
1965,merchant 375,124,124.0,0.0,0.0
1966,merchant 376,66,66.0,0.0,0.0
1351,merchant 2214,1,1.0,0.0,0.0
1968,merchant 378,23,23.0,0.0,0.0
1969,merchant 379,25,25.0,0.0,0.0
1955,merchant 366,8,8.0,0.0,0.0
1953,merchant 364,6,6.0,0.0,0.0
1940,merchant 352,170,170.0,0.0,0.0
1354,merchant 2217,3,3.0,0.0,0.0
1941,merchant 353,7,7.0,0.0,0.0
1942,merchant 354,53,53.0,0.0,0.0
1358,merchant 2220,1,1.0,0.0,0.0
1943,merchant 355,24,24.0,0.0,0.0
1944,merchant 356,2,2.0,0.0,0.0
1945,merchant 357,6,6.0,0.0,0.0
1357,merchant 222,1,1.0,0.0,0.0
1946,merchant 358,8,8.0,0.0,0.0
1947,merchant 359,19,19.0,0.0,0.0
1356,merchant 2219,1,1.0,0.0,0.0
1949,merchant 360,1,1.0,0.0,0.0
1950,merchant 361,58,58.0,0.0,0.0
1951,merchant 362,32,32.0,0.0,0.0
1952,merchant 363,1,1.0,0.0,0.0
1355,merchant 2218,1,1.0,0.0,0.0
1907,merchant 322,1,1.0,0.0,0.0
1906,merchant 321,16,16.0,0.0,0.0
1905,merchant 320,7,7.0,0.0,0.0
1854,merchant 275,7,7.0,0.0,0.0
1856,merchant 277,15,15.0,0.0,0.0
1857,merchant 278,20,20.0,0.0,0.0
1858,merchant 279,126,126.0,0.0,0.0
1859,merchant 28,407,407.0,0.0,0.0
1860,merchant 280,13,13.0,0.0,0.0
1861,merchant 281,87,87.0,0.0,0.0
1862,merchant 282,664,664.0,0.0,0.0
1375,merchant 2236,1,1.0,0.0,0.0
1374,merchant 2235,4,4.0,0.0,0.0
1864,merchant 284,2,2.0,0.0,0.0
1865,merchant 285,8,8.0,0.0,0.0
1866,merchant 286,323,323.0,0.0,0.0
1867,merchant 287,48,48.0,0.0,0.0
1868,merchant 288,8,8.0,0.0,0.0
1869,merchant 289,714,714.0,0.0,0.0
1855,merchant 276,35,35.0,0.0,0.0
1853,merchant 274,41,41.0,0.0,0.0
1364,merchant 2226,2,2.0,0.0,0.0
1376,merchant 2237,1,1.0,0.0,0.0
1838,merchant 2653,1,1.0,0.0,0.0
1839,merchant 2654,1,1.0,0.0,0.0
1840,merchant 2655,1,1.0,0.0,0.0
1841,merchant 2656,1,1.0,0.0,0.0
1842,merchant 2657,1,1.0,0.0,0.0
1843,merchant 2658,1,1.0,0.0,0.0
1844,merchant 266,35,35.0,0.0,0.0
1845,merchant 267,110,110.0,0.0,0.0
1846,merchant 268,33,33.0,0.0,0.0
1847,merchant 269,18,18.0,0.0,0.0
1377,merchant 2238,1,1.0,0.0,0.0
1849,merchant 270,26,26.0,0.0,0.0
1850,merchant 271,5,5.0,0.0,0.0
1851,merchant 272,85,85.0,0.0,0.0
1852,merchant 273,97,97.0,0.0,0.0
1870,merchant 29,122,122.0,0.0,0.0
1373,merchant 2234,1,1.0,0.0,0.0
1872,merchant 291,538,538.0,0.0,0.0
1873,merchant 292,48,48.0,0.0,0.0
1369,merchant 2230,2,2.0,0.0,0.0
1892,merchant 309,42,42.0,0.0,0.0
1368,merchant 223,7,7.0,0.0,0.0
1894,merchant 310,2,2.0,0.0,0.0
1895,merchant 311,42,42.0,0.0,0.0
1367,merchant 2229,4,4.0,0.0,0.0
1896,merchant 312,8,8.0,0.0,0.0
1897,merchant 313,2,2.0,0.0,0.0
1898,merchant 314,127,127.0,0.0,0.0
1899,merchant 315,2,2.0,0.0,0.0
1900,merchant 316,69,69.0,0.0,0.0
1366,merchant 2228,2,2.0,0.0,0.0
1902,merchant 318,8,8.0,0.0,0.0
1903,merchant 319,2,2.0,0.0,0.0
1365,merchant 2227,2,2.0,0.0,0.0
1890,merchant 307,15,15.0,0.0,0.0
1889,merchant 306,22,22.0,0.0,0.0
1888,merchant 305,13,13.0,0.0,0.0
1880,merchant 299,4,4.0,0.0,0.0
1874,merchant 293,723,723.0,0.0,0.0
1875,merchant 294,5,5.0,0.0,0.0
1876,merchant 295,21,21.0,0.0,0.0
1877,merchant 296,3,3.0,0.0,0.0
1878,merchant 297,16,16.0,0.0,0.0
1372,merchant 2233,1,1.0,0.0,0.0
1371,merchant 2232,2,2.0,0.0,0.0
1370,merchant 2231,1,1.0,0.0,0.0
1881,merchant 3,145,145.0,0.0,0.0
1882,merchant 30,486,486.0,0.0,0.0
1883,merchant 300,24,24.0,0.0,0.0
1884,merchant 301,39,39.0,0.0,0.0
1885,merchant 302,1524,1524.0,0.0,0.0
1886,merchant 303,1,1.0,0.0,0.0
1714,merchant 2541,1,1.0,0.0,0.0
1712,merchant 254,67,67.0,0.0,0.0
1446,merchant 230,4,4.0,0.0,0.0
1527,merchant 2373,1,1.0,0.0,0.0
1529,merchant 2375,1,1.0,0.0,0.0
1530,merchant 2376,2,2.0,0.0,0.0
1531,merchant 2377,1,1.0,0.0,0.0
1532,merchant 2378,2,2.0,0.0,0.0
1533,merchant 2379,1,1.0,0.0,0.0
1534,merchant 238,23,23.0,0.0,0.0
1535,merchant 2380,1,1.0,0.0,0.0
1430,merchant 2286,1,1.0,0.0,0.0
1536,merchant 2381,1,1.0,0.0,0.0
1537,merchant 2382,1,1.0,0.0,0.0
1538,merchant 2383,1,1.0,0.0,0.0
1539,merchant 2384,1,1.0,0.0,0.0
1540,merchant 2385,1,1.0,0.0,0.0
1541,merchant 2386,1,1.0,0.0,0.0
1542,merchant 2387,1,1.0,0.0,0.0
1528,merchant 2374,6,6.0,0.0,0.0
1526,merchant 2372,1,1.0,0.0,0.0
1544,merchant 2389,1,1.0,0.0,0.0
1525,merchant 2371,1,1.0,0.0,0.0
1512,merchant 236,6,6.0,0.0,0.0
1433,merchant 2289,1,1.0,0.0,0.0
1432,merchant 2288,2,2.0,0.0,0.0
1513,merchant 2360,1,1.0,0.0,0.0
1514,merchant 2361,1,1.0,0.0,0.0
1431,merchant 2287,1,1.0,0.0,0.0
1516,merchant 2363,1,1.0,0.0,0.0
1517,merchant 2364,1,1.0,0.0,0.0
1518,merchant 2365,2,2.0,0.0,0.0
1519,merchant 2366,1,1.0,0.0,0.0
1520,merchant 2367,1,1.0,0.0,0.0
1521,merchant 2368,1,1.0,0.0,0.0
1522,merchant 2369,1,1.0,0.0,0.0
1523,merchant 237,296,296.0,0.0,0.0
1524,merchant 2370,2,2.0,0.0,0.0
1543,merchant 2388,1,1.0,0.0,0.0
1429,merchant 2285,1,1.0,0.0,0.0
1711,merchant 2539,2,2.0,0.0,0.0
1559,merchant 2401,2,2.0,0.0,0.0
1561,merchant 2403,2,2.0,0.0,0.0
1562,merchant 2404,1,1.0,0.0,0.0
1563,merchant 2405,1,1.0,0.0,0.0
1564,merchant 2406,1,1.0,0.0,0.0
1565,merchant 2407,1,1.0,0.0,0.0
1566,merchant 2408,1,1.0,0.0,0.0
1567,merchant 2409,1,1.0,0.0,0.0
1568,merchant 241,70,70.0,0.0,0.0
1569,merchant 2410,1,1.0,0.0,0.0
1570,merchant 2411,1,1.0,0.0,0.0
1571,merchant 2412,1,1.0,0.0,0.0
1572,merchant 2413,1,1.0,0.0,0.0
1573,merchant 2414,1,1.0,0.0,0.0
1574,merchant 2415,1,1.0,0.0,0.0
1575,merchant 2416,2,2.0,0.0,0.0
1560,merchant 2402,1,1.0,0.0,0.0
1558,merchant 2400,3,3.0,0.0,0.0
1545,merchant 239,60,60.0,0.0,0.0
1557,merchant 240,113,113.0,0.0,0.0
1546,merchant 2390,1,1.0,0.0,0.0
1547,merchant 2391,1,1.0,0.0,0.0
1428,merchant 2284,1,1.0,0.0,0.0
1427,merchant 2283,2,2.0,0.0,0.0
1548,merchant 2392,1,1.0,0.0,0.0
1549,merchant 2393,1,1.0,0.0,0.0
1550,merchant 2394,2,2.0,0.0,0.0
1551,merchant 2395,1,1.0,0.0,0.0
1426,merchant 2282,1,1.0,0.0,0.0
1552,merchant 2396,2,2.0,0.0,0.0
1553,merchant 2397,1,1.0,0.0,0.0
1554,merchant 2398,2,2.0,0.0,0.0
1425,merchant 2281,1,1.0,0.0,0.0
1555,merchant 2399,1,1.0,0.0,0.0
1556,merchant 24,43,43.0,0.0,0.0
1434,merchant 229,107,107.0,0.0,0.0
1435,merchant 2290,1,1.0,0.0,0.0
1511,merchant 2359,2,2.0,0.0,0.0
1460,merchant 2312,1,1.0,0.0,0.0
1440,merchant 2295,1,1.0,0.0,0.0
1462,merchant 2314,1,1.0,0.0,0.0
1463,merchant 2315,2,2.0,0.0,0.0
1439,merchant 2294,1,1.0,0.0,0.0
1464,merchant 2316,2,2.0,0.0,0.0
1465,merchant 2317,1,1.0,0.0,0.0
1466,merchant 2318,1,1.0,0.0,0.0
1467,merchant 2319,1,1.0,0.0,0.0
1468,merchant 232,14,14.0,0.0,0.0
1469,merchant 2320,1,1.0,0.0,0.0
1470,merchant 2321,1,1.0,0.0,0.0
1471,merchant 2322,1,1.0,0.0,0.0
1472,merchant 2323,1,1.0,0.0,0.0
1438,merchant 2293,1,1.0,0.0,0.0
1473,merchant 2324,1,1.0,0.0,0.0
1461,merchant 2313,1,1.0,0.0,0.0
1441,merchant 2296,2,2.0,0.0,0.0
1510,merchant 2358,1,1.0,0.0,0.0
1459,merchant 2311,1,1.0,0.0,0.0
1447,merchant 2300,1,1.0,0.0,0.0
1448,merchant 2301,1,1.0,0.0,0.0
1449,merchant 2302,1,1.0,0.0,0.0
1450,merchant 2303,1,1.0,0.0,0.0
1444,merchant 2299,2,2.0,0.0,0.0
1451,merchant 2304,2,2.0,0.0,0.0
1452,merchant 2305,1,1.0,0.0,0.0
1443,merchant 2298,2,2.0,0.0,0.0
1442,merchant 2297,2,2.0,0.0,0.0
1453,merchant 2306,1,1.0,0.0,0.0
1454,merchant 2307,1,1.0,0.0,0.0
1455,merchant 2308,1,1.0,0.0,0.0
1456,merchant 2309,1,1.0,0.0,0.0
1457,merchant 231,37,37.0,0.0,0.0
1458,merchant 2310,2,2.0,0.0,0.0
1474,merchant 2325,1,1.0,0.0,0.0
1475,merchant 2326,2,2.0,0.0,0.0
1476,merchant 2327,2,2.0,0.0,0.0
1477,merchant 2328,3,3.0,0.0,0.0
1496,merchant 2345,1,1.0,0.0,0.0
1497,merchant 2346,1,1.0,0.0,0.0
1498,merchant 2347,2,2.0,0.0,0.0
1499,merchant 2348,2,2.0,0.0,0.0
1500,merchant 2349,1,1.0,0.0,0.0
1437,merchant 2292,2,2.0,0.0,0.0
1502,merchant 2350,1,1.0,0.0,0.0
1503,merchant 2351,1,1.0,0.0,0.0
1504,merchant 2352,3,3.0,0.0,0.0
1505,merchant 2353,1,1.0,0.0,0.0
1436,merchant 2291,1,1.0,0.0,0.0
1506,merchant 2354,1,1.0,0.0,0.0
1507,merchant 2355,4,4.0,0.0,0.0
1508,merchant 2356,1,1.0,0.0,0.0
1509,merchant 2357,1,1.0,0.0,0.0
1495,merchant 2344,1,1.0,0.0,0.0
1494,merchant 2343,2,2.0,0.0,0.0
1493,merchant 2342,1,1.0,0.0,0.0
1484,merchant 2334,1,1.0,0.0,0.0
1478,merchant 2329,1,1.0,0.0,0.0
1479,merchant 233,1,1.0,0.0,0.0
1480,merchant 2330,1,1.0,0.0,0.0
1481,merchant 2331,3,3.0,0.0,0.0
1482,merchant 2332,1,1.0,0.0,0.0
1483,merchant 2333,1,1.0,0.0,0.0
1485,merchant 2335,1,1.0,0.0,0.0
1492,merchant 2341,1,1.0,0.0,0.0
1486,merchant 2336,2,2.0,0.0,0.0
1487,merchant 2337,3,3.0,0.0,0.0
1488,merchant 2338,1,1.0,0.0,0.0
1489,merchant 2339,1,1.0,0.0,0.0
1490,merchant 234,29,29.0,0.0,0.0
1491,merchant 2340,2,2.0,0.0,0.0
1576,merchant 2417,3,3.0,0.0,0.0
1577,merchant 2418,1,1.0,0.0,0.0
1424,merchant 2280,1,1.0,0.0,0.0
1413,merchant 2270,1,1.0,0.0,0.0
1971,merchant 380,53,53.0,0.0,0.0
1664,merchant 2497,1,1.0,0.0,0.0
1411,merchant 2269,3,3.0,0.0,0.0
1665,merchant 2498,1,1.0,0.0,0.0
1666,merchant 2499,1,1.0,0.0,0.0
1410,merchant 2268,1,1.0,0.0,0.0
1668,merchant 250,136,136.0,0.0,0.0
1669,merchant 2500,1,1.0,0.0,0.0
1670,merchant 2501,2,2.0,0.0,0.0
1671,merchant 2502,1,1.0,0.0,0.0
1672,merchant 2503,2,2.0,0.0,0.0
1673,merchant 2504,1,1.0,0.0,0.0
1674,merchant 2505,1,1.0,0.0,0.0
1675,merchant 2506,1,1.0,0.0,0.0
1409,merchant 2267,3,3.0,0.0,0.0
1662,merchant 2495,2,2.0,0.0,0.0
1661,merchant 2494,1,1.0,0.0,0.0
1646,merchant 2480,1,1.0,0.0,0.0
1660,merchant 2493,2,2.0,0.0,0.0
1648,merchant 2482,1,1.0,0.0,0.0
1649,merchant 2483,1,1.0,0.0,0.0
1650,merchant 2484,1,1.0,0.0,0.0
1651,merchant 2485,1,1.0,0.0,0.0
1652,merchant 2486,1,1.0,0.0,0.0
1653,merchant 2487,1,1.0,0.0,0.0
1654,merchant 2488,1,1.0,0.0,0.0
1655,merchant 2489,1,1.0,0.0,0.0
1416,merchant 2273,1,1.0,0.0,0.0
1415,merchant 2272,2,2.0,0.0,0.0
1656,merchant 249,3,3.0,0.0,0.0
1414,merchant 2271,1,1.0,0.0,0.0
1657,merchant 2490,1,1.0,0.0,0.0
1658,merchant 2491,1,1.0,0.0,0.0
1659,merchant 2492,1,1.0,0.0,0.0
1676,merchant 2507,1,1.0,0.0,0.0
1677,merchant 2508,1,1.0,0.0,0.0
1678,merchant 2509,1,1.0,0.0,0.0
1679,merchant 251,60,60.0,0.0,0.0
1696,merchant 2525,1,1.0,0.0,0.0
1697,merchant 2526,1,1.0,0.0,0.0
1698,merchant 2527,1,1.0,0.0,0.0
1699,merchant 2528,1,1.0,0.0,0.0
1700,merchant 2529,1,1.0,0.0,0.0
1701,merchant 253,40,40.0,0.0,0.0
1702,merchant 2530,1,1.0,0.0,0.0
1703,merchant 2531,1,1.0,0.0,0.0
1704,merchant 2532,1,1.0,0.0,0.0
1705,merchant 2533,1,1.0,0.0,0.0
1706,merchant 2534,1,1.0,0.0,0.0
1707,merchant 2535,1,1.0,0.0,0.0
1708,merchant 2536,1,1.0,0.0,0.0
1709,merchant 2537,1,1.0,0.0,0.0
1710,merchant 2538,1,1.0,0.0,0.0
1695,merchant 2524,1,1.0,0.0,0.0
1694,merchant 2523,1,1.0,0.0,0.0
1693,merchant 2522,1,1.0,0.0,0.0
1684,merchant 2514,1,1.0,0.0,0.0
1680,merchant 2510,1,1.0,0.0,0.0
1681,merchant 2511,1,1.0,0.0,0.0
1408,merchant 2266,2,2.0,0.0,0.0
1682,merchant 2512,1,1.0,0.0,0.0
1683,merchant 2513,1,1.0,0.0,0.0
1407,merchant 2265,1,1.0,0.0,0.0
1685,merchant 2515,1,1.0,0.0,0.0
1692,merchant 2521,1,1.0,0.0,0.0
1686,merchant 2516,1,1.0,0.0,0.0
1687,merchant 2517,1,1.0,0.0,0.0
1688,merchant 2518,1,1.0,0.0,0.0
1689,merchant 2519,1,1.0,0.0,0.0
1690,merchant 252,22,22.0,0.0,0.0
1691,merchant 2520,1,1.0,0.0,0.0
1647,merchant 2481,1,1.0,0.0,0.0
1645,merchant 248,30,30.0,0.0,0.0
1578,merchant 2419,1,1.0,0.0,0.0
1593,merchant 2432,3,3.0,0.0,0.0
1595,merchant 2434,2,2.0,0.0,0.0
1596,merchant 2435,2,2.0,0.0,0.0
1597,merchant 2436,1,1.0,0.0,0.0
1598,merchant 2437,1,1.0,0.0,0.0
1599,merchant 2438,2,2.0,0.0,0.0
1600,merchant 2439,1,1.0,0.0,0.0
1601,merchant 244,2,2.0,0.0,0.0
1602,merchant 2440,2,2.0,0.0,0.0
1603,merchant 2441,2,2.0,0.0,0.0
1604,merchant 2442,2,2.0,0.0,0.0
1605,merchant 2443,1,1.0,0.0,0.0
1420,merchant 2277,1,1.0,0.0,0.0
1606,merchant 2444,2,2.0,0.0,0.0
1607,merchant 2445,1,1.0,0.0,0.0
1608,merchant 2446,2,2.0,0.0,0.0
1594,merchant 2433,2,2.0,0.0,0.0
1592,merchant 2431,1,1.0,0.0,0.0
1644,merchant 2479,1,1.0,0.0,0.0
1421,merchant 2278,1,1.0,0.0,0.0
1423,merchant 228,91,91.0,0.0,0.0
1579,merchant 242,28,28.0,0.0,0.0
1580,merchant 2420,1,1.0,0.0,0.0
1581,merchant 2421,2,2.0,0.0,0.0
1422,merchant 2279,4,4.0,0.0,0.0
1582,merchant 2422,2,2.0,0.0,0.0
1583,merchant 2423,1,1.0,0.0,0.0
1584,merchant 2424,1,1.0,0.0,0.0
1585,merchant 2425,1,1.0,0.0,0.0
1586,merchant 2426,1,1.0,0.0,0.0
1587,merchant 2427,2,2.0,0.0,0.0
1588,merchant 2428,1,1.0,0.0,0.0
1589,merchant 2429,1,1.0,0.0,0.0
1590,merchant 243,77,77.0,0.0,0.0
1591,merchant 2430,1,1.0,0.0,0.0
1609,merchant 2447,1,1.0,0.0,0.0
1610,merchant 2448,1,1.0,0.0,0.0
1611,merchant 2449,1,1.0,0.0,0.0
1612,merchant 245,5,5.0,0.0,0.0
1629,merchant 2465,1,1.0,0.0,0.0
1630,merchant 2466,1,1.0,0.0,0.0
1631,merchant 2467,2,2.0,0.0,0.0
1632,merchant 2468,1,1.0,0.0,0.0
1633,merchant 2469,1,1.0,0.0,0.0
1417,merchant 2274,2,2.0,0.0,0.0
1635,merchant 2470,2,2.0,0.0,0.0
1636,merchant 2471,1,1.0,0.0,0.0
1637,merchant 2472,1,1.0,0.0,0.0
1638,merchant 2473,1,1.0,0.0,0.0
1639,merchant 2474,1,1.0,0.0,0.0
1640,merchant 2475,1,1.0,0.0,0.0
1641,merchant 2476,1,1.0,0.0,0.0
1642,merchant 2477,1,1.0,0.0,0.0
1643,merchant 2478,2,2.0,0.0,0.0
1628,merchant 2464,1,1.0,0.0,0.0
1627,merchant 2463,1,1.0,0.0,0.0
1626,merchant 2462,1,1.0,0.0,0.0
1618,merchant 2455,1,1.0,0.0,0.0
1613,merchant 2450,2,2.0,0.0,0.0
1614,merchant 2451,1,1.0,0.0,0.0
1615,merchant 2452,1,1.0,0.0,0.0
1419,merchant 2276,1,1.0,0.0,0.0
1616,merchant 2453,1,1.0,0.0,0.0
1617,merchant 2454,1,1.0,0.0,0.0
1418,merchant 2275,1,1.0,0.0,0.0
1625,merchant 2461,2,2.0,0.0,0.0
1619,merchant 2456,1,1.0,0.0,0.0
1620,merchant 2457,1,1.0,0.0,0.0
1621,merchant 2458,1,1.0,0.0,0.0
1622,merchant 2459,1,1.0,0.0,0.0
1623,merchant 246,11,11.0,0.0,0.0
1624,merchant 2460,1,1.0,0.0,0.0
1663,merchant 2496,1,1.0,0.0,0.0
2008,merchant 413,10,10.0,0.0,0.0
1972,merchant 381,11,11.0,0.0,0.0
2437,merchant 80,101,101.0,0.0,0.0
2428,merchant 792,2,2.0,0.0,0.0
2429,merchant 793,3,3.0,0.0,0.0
2430,merchant 794,52,52.0,0.0,0.0
2431,merchant 795,8,8.0,0.0,0.0
2433,merchant 797,2,2.0,0.0,0.0
2434,merchant 798,9,9.0,0.0,0.0
2435,merchant 799,19,19.0,0.0,0.0
2438,merchant 800,14,14.0,0.0,0.0
2426,merchant 790,6,6.0,0.0,0.0
2439,merchant 801,1,1.0,0.0,0.0
2440,merchant 802,3,3.0,0.0,0.0
2442,merchant 804,4,4.0,0.0,0.0
2443,merchant 805,1,1.0,0.0,0.0
2444,merchant 806,3,3.0,0.0,0.0
2445,merchant 807,1,1.0,0.0,0.0
2446,merchant 808,3,3.0,0.0,0.0
2427,merchant 791,3,3.0,0.0,0.0
2425,merchant 79,55,55.0,0.0,0.0
2448,merchant 81,9,9.0,0.0,0.0
2415,merchant 780,19,19.0,0.0,0.0
2408,merchant 774,1,1.0,0.0,0.0
2409,merchant 775,7,7.0,0.0,0.0
2410,merchant 776,4,4.0,0.0,0.0
2411,merchant 777,21,21.0,0.0,0.0
2412,merchant 778,18,18.0,0.0,0.0
2413,merchant 779,4,4.0,0.0,0.0
2414,merchant 78,15,15.0,0.0,0.0
2416,merchant 781,13,13.0,0.0,0.0
2424,merchant 789,1,1.0,0.0,0.0
2417,merchant 782,4,4.0,0.0,0.0
2418,merchant 783,2,2.0,0.0,0.0
2419,merchant 784,7,7.0,0.0,0.0
2420,merchant 785,6,6.0,0.0,0.0
2421,merchant 786,8,8.0,0.0,0.0
2422,merchant 787,172,172.0,0.0,0.0
2423,merchant 788,6,6.0,0.0,0.0
2447,merchant 809,8,8.0,0.0,0.0
2449,merchant 810,1,1.0,0.0,0.0
2406,merchant 772,14,14.0,0.0,0.0
2479,merchant 838,1,1.0,0.0,0.0
2472,merchant 831,4,4.0,0.0,0.0
2473,merchant 832,4,4.0,0.0,0.0
2474,merchant 833,6,6.0,0.0,0.0
2475,merchant 834,1,1.0,0.0,0.0
2476,merchant 835,11,11.0,0.0,0.0
2477,merchant 836,2,2.0,0.0,0.0
2478,merchant 837,1,1.0,0.0,0.0
2480,merchant 839,21,21.0,0.0,0.0
2470,merchant 83,5,5.0,0.0,0.0
2483,merchant 841,5,5.0,0.0,0.0
2484,merchant 842,25,25.0,0.0,0.0
2485,merchant 843,12,12.0,0.0,0.0
2486,merchant 844,13,13.0,0.0,0.0
2487,merchant 845,7,7.0,0.0,0.0
2488,merchant 846,1,1.0,0.0,0.0
2489,merchant 847,18,18.0,0.0,0.0
2471,merchant 830,15,15.0,0.0,0.0
2469,merchant 829,1,1.0,0.0,0.0
2450,merchant 811,1,1.0,0.0,0.0
2459,merchant 82,726,726.0,0.0,0.0
2451,merchant 812,4,4.0,0.0,0.0
2452,merchant 813,5,5.0,0.0,0.0
2453,merchant 814,17,17.0,0.0,0.0
2454,merchant 815,12,12.0,0.0,0.0
2456,merchant 817,2,2.0,0.0,0.0
2457,merchant 818,5,5.0,0.0,0.0
2458,merchant 819,1,1.0,0.0,0.0
2460,merchant 820,12,12.0,0.0,0.0
2468,merchant 828,22,22.0,0.0,0.0
2461,merchant 821,37,37.0,0.0,0.0
2462,merchant 822,15,15.0,0.0,0.0
2463,merchant 823,44,44.0,0.0,0.0
2464,merchant 824,14,14.0,0.0,0.0
2465,merchant 825,4,4.0,0.0,0.0
2466,merchant 826,11,11.0,0.0,0.0
2467,merchant 827,15,15.0,0.0,0.0
2407,merchant 773,23,23.0,0.0,0.0
2405,merchant 771,31,31.0,0.0,0.0
2320,merchant 695,4,4.0,0.0,0.0
2353,merchant 724,4,4.0,0.0,0.0
2346,merchant 718,12,12.0,0.0,0.0
2347,merchant 719,7,7.0,0.0,0.0
2348,merchant 72,874,874.0,0.0,0.0
2349,merchant 720,16,16.0,0.0,0.0
2350,merchant 721,30,30.0,0.0,0.0
2351,merchant 722,15,15.0,0.0,0.0
2352,merchant 723,16,16.0,0.0,0.0
2354,merchant 725,6,6.0,0.0,0.0
2344,merchant 716,8,8.0,0.0,0.0
2355,merchant 726,3,3.0,0.0,0.0
2356,merchant 727,7,7.0,0.0,0.0
2357,merchant 728,8,8.0,0.0,0.0
2358,merchant 729,13,13.0,0.0,0.0
2359,merchant 73,54,54.0,0.0,0.0
2360,merchant 730,6,6.0,0.0,0.0
2361,merchant 731,4,4.0,0.0,0.0
2345,merchant 717,5,5.0,0.0,0.0
2343,merchant 715,19,19.0,0.0,0.0
2363,merchant 733,10,10.0,0.0,0.0
2333,merchant 706,3,3.0,0.0,0.0
2323,merchant 698,19,19.0,0.0,0.0
2327,merchant 700,1,1.0,0.0,0.0
2328,merchant 701,5,5.0,0.0,0.0
2329,merchant 702,2,2.0,0.0,0.0
2330,merchant 703,4,4.0,0.0,0.0
2331,merchant 704,4,4.0,0.0,0.0
2332,merchant 705,29,29.0,0.0,0.0
2334,merchant 707,1,1.0,0.0,0.0
2342,merchant 714,1,1.0,0.0,0.0
2335,merchant 708,23,23.0,0.0,0.0
2336,merchant 709,7,7.0,0.0,0.0
2337,merchant 71,44,44.0,0.0,0.0
2338,merchant 710,28,28.0,0.0,0.0
2339,merchant 711,54,54.0,0.0,0.0
2340,merchant 712,4,4.0,0.0,0.0
2341,merchant 713,5,5.0,0.0,0.0
2362,merchant 732,3,3.0,0.0,0.0
2364,merchant 734,4,4.0,0.0,0.0
2404,merchant 770,10,10.0,0.0,0.0
2394,merchant 761,5,5.0,0.0,0.0
2386,merchant 754,5,5.0,0.0,0.0
2387,merchant 755,10,10.0,0.0,0.0
2388,merchant 756,8,8.0,0.0,0.0
2389,merchant 757,13,13.0,0.0,0.0
2390,merchant 758,1,1.0,0.0,0.0
2391,merchant 759,3,3.0,0.0,0.0
2393,merchant 760,4,4.0,0.0,0.0
2395,merchant 762,18,18.0,0.0,0.0
2384,merchant 752,5,5.0,0.0,0.0
2396,merchant 763,25,25.0,0.0,0.0
2397,merchant 764,5,5.0,0.0,0.0
2398,merchant 765,21,21.0,0.0,0.0
2399,merchant 766,24,24.0,0.0,0.0
2400,merchant 767,32,32.0,0.0,0.0
2401,merchant 768,5,5.0,0.0,0.0
2402,merchant 769,3,3.0,0.0,0.0
2385,merchant 753,13,13.0,0.0,0.0
2383,merchant 751,2,2.0,0.0,0.0
2365,merchant 735,5,5.0,0.0,0.0
2373,merchant 742,38,38.0,0.0,0.0
2366,merchant 736,17,17.0,0.0,0.0
2367,merchant 737,23,23.0,0.0,0.0
2368,merchant 738,12,12.0,0.0,0.0
2369,merchant 739,5,5.0,0.0,0.0
2370,merchant 74,213,213.0,0.0,0.0
2371,merchant 740,1,1.0,0.0,0.0
2372,merchant 741,46,46.0,0.0,0.0
2374,merchant 743,1,1.0,0.0,0.0
2382,merchant 750,7,7.0,0.0,0.0
2375,merchant 744,60,60.0,0.0,0.0
2376,merchant 745,8,8.0,0.0,0.0
2377,merchant 746,6,6.0,0.0,0.0
2378,merchant 747,6,6.0,0.0,0.0
2379,merchant 748,52,52.0,0.0,0.0
2380,merchant 749,7,7.0,0.0,0.0
2381,merchant 75,121,121.0,0.0,0.0
2490,merchant 848,4,4.0,0.0,0.0
2491,merchant 849,16,16.0,0.0,0.0
2492,merchant 85,28,28.0,0.0,0.0
2607,merchant 953,1,1.0,0.0,0.0
2599,merchant 946,2,2.0,0.0,0.0
2600,merchant 947,2,2.0,0.0,0.0
2601,merchant 948,1,1.0,0.0,0.0
2602,merchant 949,1,1.0,0.0,0.0
2604,merchant 950,9,9.0,0.0,0.0
2605,merchant 951,6,6.0,0.0,0.0
2606,merchant 952,26,26.0,0.0,0.0
2608,merchant 954,4,4.0,0.0,0.0
2597,merchant 944,7,7.0,0.0,0.0
2609,merchant 955,7,7.0,0.0,0.0
2610,merchant 956,8,8.0,0.0,0.0
2611,merchant 957,7,7.0,0.0,0.0
2612,merchant 958,2,2.0,0.0,0.0
2613,merchant 959,2,2.0,0.0,0.0
2614,merchant 96,240,240.0,0.0,0.0
2615,merchant 960,6,6.0,0.0,0.0
2598,merchant 945,2,2.0,0.0,0.0
2596,merchant 943,5,5.0,0.0,0.0
2617,merchant 962,2,2.0,0.0,0.0
2586,merchant 934,5,5.0,0.0,0.0
2579,merchant 928,32,32.0,0.0,0.0
2580,merchant 929,24,24.0,0.0,0.0
2581,merchant 93,21,21.0,0.0,0.0
2582,merchant 930,1,1.0,0.0,0.0
2583,merchant 931,14,14.0,0.0,0.0
2584,merchant 932,2,2.0,0.0,0.0
2585,merchant 933,1,1.0,0.0,0.0
2587,merchant 935,1,1.0,0.0,0.0
2595,merchant 942,6,6.0,0.0,0.0
2588,merchant 936,6,6.0,0.0,0.0
2589,merchant 937,1,1.0,0.0,0.0
2590,merchant 938,2,2.0,0.0,0.0
2591,merchant 939,2,2.0,0.0,0.0
2592,merchant 94,2,2.0,0.0,0.0
2593,merchant 940,4,4.0,0.0,0.0
2594,merchant 941,6,6.0,0.0,0.0
2616,merchant 961,4,4.0,0.0,0.0
2618,merchant 963,54,54.0,0.0,0.0
2493,merchant 850,31,31.0,0.0,0.0
2648,merchant 990,11,11.0,0.0,0.0
2641,merchant 984,8,8.0,0.0,0.0
2642,merchant 985,19,19.0,0.0,0.0
2643,merchant 986,2,2.0,0.0,0.0
2644,merchant 987,3,3.0,0.0,0.0
2645,merchant 988,25,25.0,0.0,0.0
2646,merchant 989,1,1.0,0.0,0.0
2647,merchant 99,28,28.0,0.0,0.0
2649,merchant 991,2,2.0,0.0,0.0
2639,merchant 982,3,3.0,0.0,0.0
2650,merchant 992,1,1.0,0.0,0.0
2651,merchant 993,1,1.0,0.0,0.0
2652,merchant 994,2,2.0,0.0,0.0
2653,merchant 995,4,4.0,0.0,0.0
2654,merchant 996,5,5.0,0.0,0.0
2655,merchant 997,16,16.0,0.0,0.0
2656,merchant 998,9,9.0,0.0,0.0
2640,merchant 983,33,33.0,0.0,0.0
2638,merchant 981,4,4.0,0.0,0.0
2619,merchant 964,29,29.0,0.0,0.0
2627,merchant 971,28,28.0,0.0,0.0
2620,merchant 965,5,5.0,0.0,0.0
2621,merchant 966,1,1.0,0.0,0.0
2622,merchant 967,9,9.0,0.0,0.0
2623,merchant 968,2,2.0,0.0,0.0
2624,merchant 969,37,37.0,0.0,0.0
2625,merchant 97,116,116.0,0.0,0.0
2626,merchant 970,6,6.0,0.0,0.0
2628,merchant 972,7,7.0,0.0,0.0
2637,merchant 980,7,7.0,0.0,0.0
2629,merchant 973,1,1.0,0.0,0.0
2631,merchant 975,12,12.0,0.0,0.0
2632,merchant 976,1,1.0,0.0,0.0
2633,merchant 977,6,6.0,0.0,0.0
2634,merchant 978,2,2.0,0.0,0.0
2635,merchant 979,3,3.0,0.0,0.0
2636,merchant 98,5,5.0,0.0,0.0
2578,merchant 927,3,3.0,0.0,0.0
2577,merchant 926,11,11.0,0.0,0.0
2576,merchant 925,3,3.0,0.0,0.0
2521,merchant 876,3,3.0,0.0,0.0
2514,merchant 87,223,223.0,0.0,0.0
2515,merchant 870,20,20.0,0.0,0.0
2516,merchant 871,3,3.0,0.0,0.0
2517,merchant 872,44,44.0,0.0,0.0
2518,merchant 873,7,7.0,0.0,0.0
2519,merchant 874,6,6.0,0.0,0.0
2520,merchant 875,12,12.0,0.0,0.0
2522,merchant 877,5,5.0,0.0,0.0
2512,merchant 868,2,2.0,0.0,0.0
2524,merchant 879,9,9.0,0.0,0.0
2525,merchant 88,215,215.0,0.0,0.0
2526,merchant 880,4,4.0,0.0,0.0
2527,merchant 881,6,6.0,0.0,0.0
2528,merchant 882,7,7.0,0.0,0.0
2529,merchant 883,19,19.0,0.0,0.0
2530,merchant 884,12,12.0,0.0,0.0
2513,merchant 869,2,2.0,0.0,0.0
2511,merchant 867,5,5.0,0.0,0.0
2575,merchant 924,5,5.0,0.0,0.0
2501,merchant 858,2,2.0,0.0,0.0
2494,merchant 851,1,1.0,0.0,0.0
2495,merchant 852,2,2.0,0.0,0.0
2496,merchant 853,14,14.0,0.0,0.0
2497,merchant 854,33,33.0,0.0,0.0
2498,merchant 855,1,1.0,0.0,0.0
2499,merchant 856,10,10.0,0.0,0.0
2500,merchant 857,6,6.0,0.0,0.0
2502,merchant 859,17,17.0,0.0,0.0
2510,merchant 866,9,9.0,0.0,0.0
2503,merchant 86,32,32.0,0.0,0.0
2504,merchant 860,2,2.0,0.0,0.0
2505,merchant 861,1,1.0,0.0,0.0
2506,merchant 862,9,9.0,0.0,0.0
2507,merchant 863,3,3.0,0.0,0.0
2508,merchant 864,14,14.0,0.0,0.0
2509,merchant 865,7,7.0,0.0,0.0
2531,merchant 885,6,6.0,0.0,0.0
2532,merchant 886,3,3.0,0.0,0.0
2533,merchant 887,3,3.0,0.0,0.0
2564,merchant 914,7,7.0,0.0,0.0
2557,merchant 908,4,4.0,0.0,0.0
2558,merchant 909,3,3.0,0.0,0.0
2559,merchant 91,76,76.0,0.0,0.0
2560,merchant 910,2,2.0,0.0,0.0
2561,merchant 911,8,8.0,0.0,0.0
2562,merchant 912,15,15.0,0.0,0.0
2563,merchant 913,11,11.0,0.0,0.0
2565,merchant 915,7,7.0,0.0,0.0
2534,merchant 888,4,4.0,0.0,0.0
2566,merchant 916,7,7.0,0.0,0.0
2567,merchant 917,8,8.0,0.0,0.0
2568,merchant 918,9,9.0,0.0,0.0
2569,merchant 919,2,2.0,0.0,0.0
2571,merchant 920,19,19.0,0.0,0.0
2573,merchant 922,2,2.0,0.0,0.0
2574,merchant 923,3,3.0,0.0,0.0
2556,merchant 907,4,4.0,0.0,0.0
2555,merchant 906,11,11.0,0.0,0.0
2554,merchant 905,17,17.0,0.0,0.0
2553,merchant 904,32,32.0,0.0,0.0
2535,merchant 889,5,5.0,0.0,0.0
2537,merchant 890,2,2.0,0.0,0.0
2538,merchant 891,9,9.0,0.0,0.0
2539,merchant 892,3,3.0,0.0,0.0
2540,merchant 893,2,2.0,0.0,0.0
2541,merchant 894,4,4.0,0.0,0.0
2542,merchant 895,5,5.0,0.0,0.0
2543,merchant 896,6,6.0,0.0,0.0
2544,merchant 897,23,23.0,0.0,0.0
2545,merchant 898,3,3.0,0.0,0.0
2546,merchant 899,1,1.0,0.0,0.0
2549,merchant 900,2,2.0,0.0,0.0
2550,merchant 901,2,2.0,0.0,0.0
2551,merchant 902,7,7.0,0.0,0.0
2552,merchant 903,1,1.0,0.0,0.0
2321,merchant 696,47,47.0,0.0,0.0
2319,merchant 694,30,30.0,0.0,0.0
1973,merchant 382,4,4.0,0.0,0.0
2092,merchant 49,178,178.0,0.0,0.0
2085,merchant 483,5,5.0,0.0,0.0
2086,merchant 484,17,17.0,0.0,0.0
2087,merchant 485,17,17.0,0.0,0.0
2088,merchant 486,9,9.0,0.0,0.0
2089,merchant 487,1,1.0,0.0,0.0
2090,merchant 488,31,31.0,0.0,0.0
2091,merchant 489,24,24.0,0.0,0.0
2093,merchant 490,1,1.0,0.0,0.0
2083,merchant 481,13,13.0,0.0,0.0
2094,merchant 491,7,7.0,0.0,0.0
2095,merchant 492,2,2.0,0.0,0.0
2096,merchant 493,39,39.0,0.0,0.0
2097,merchant 494,54,54.0,0.0,0.0
2098,merchant 495,43,43.0,0.0,0.0
2099,merchant 496,4,4.0,0.0,0.0
2100,merchant 497,21,21.0,0.0,0.0
2084,merchant 482,11,11.0,0.0,0.0
2082,merchant 480,2,2.0,0.0,0.0
2102,merchant 499,56,56.0,0.0,0.0
2071,merchant 470,8,8.0,0.0,0.0
2064,merchant 464,11,11.0,0.0,0.0
2065,merchant 465,65,65.0,0.0,0.0
2066,merchant 466,2,2.0,0.0,0.0
2067,merchant 467,37,37.0,0.0,0.0
2068,merchant 468,169,169.0,0.0,0.0
2069,merchant 469,38,38.0,0.0,0.0
2070,merchant 47,74,74.0,0.0,0.0
2072,merchant 471,15,15.0,0.0,0.0
2081,merchant 48,8,8.0,0.0,0.0
2074,merchant 473,5,5.0,0.0,0.0
2075,merchant 474,1,1.0,0.0,0.0
2076,merchant 475,24,24.0,0.0,0.0
2077,merchant 476,44,44.0,0.0,0.0
2078,merchant 477,34,34.0,0.0,0.0
2079,merchant 478,10,10.0,0.0,0.0
2080,merchant 479,9,9.0,0.0,0.0
2101,merchant 498,4,4.0,0.0,0.0
2104,merchant 50,14,14.0,0.0,0.0
2062,merchant 462,1,1.0,0.0,0.0
2134,merchant 527,8,8.0,0.0,0.0
2127,merchant 520,49,49.0,0.0,0.0
2128,merchant 521,79,79.0,0.0,0.0
2129,merchant 522,15,15.0,0.0,0.0
2130,merchant 523,11,11.0,0.0,0.0
2131,merchant 524,18,18.0,0.0,0.0
2132,merchant 525,6,6.0,0.0,0.0
2133,merchant 526,10,10.0,0.0,0.0
2135,merchant 528,6,6.0,0.0,0.0
2124,merchant 518,24,24.0,0.0,0.0
2136,merchant 529,13,13.0,0.0,0.0
2138,merchant 530,58,58.0,0.0,0.0
2139,merchant 531,2,2.0,0.0,0.0
2140,merchant 532,6,6.0,0.0,0.0
2142,merchant 534,17,17.0,0.0,0.0
2143,merchant 535,53,53.0,0.0,0.0
2144,merchant 536,4,4.0,0.0,0.0
2125,merchant 519,15,15.0,0.0,0.0
2123,merchant 517,1,1.0,0.0,0.0
2105,merchant 500,6,6.0,0.0,0.0
2113,merchant 508,13,13.0,0.0,0.0
2106,merchant 501,29,29.0,0.0,0.0
2107,merchant 502,4,4.0,0.0,0.0
2108,merchant 503,1,1.0,0.0,0.0
2109,merchant 504,2,2.0,0.0,0.0
2110,merchant 505,9,9.0,0.0,0.0
2111,merchant 506,36,36.0,0.0,0.0
2112,merchant 507,2,2.0,0.0,0.0
2114,merchant 509,4,4.0,0.0,0.0
2122,merchant 516,1,1.0,0.0,0.0
2115,merchant 51,172,172.0,0.0,0.0
2116,merchant 510,5,5.0,0.0,0.0
2117,merchant 511,20,20.0,0.0,0.0
2118,merchant 512,1,1.0,0.0,0.0
2119,merchant 513,64,64.0,0.0,0.0
2120,merchant 514,33,33.0,0.0,0.0
2121,merchant 515,13,13.0,0.0,0.0
2063,merchant 463,22,22.0,0.0,0.0
2061,merchant 461,5,5.0,0.0,0.0
2318,merchant 693,7,7.0,0.0,0.0
2006,merchant 411,46,46.0,0.0,0.0
1997,merchant 403,4,4.0,0.0,0.0
1998,merchant 404,52,52.0,0.0,0.0
1999,merchant 405,58,58.0,0.0,0.0
2000,merchant 406,18,18.0,0.0,0.0
2002,merchant 408,7,7.0,0.0,0.0
2003,merchant 409,39,39.0,0.0,0.0
2004,merchant 41,243,243.0,0.0,0.0
2007,merchant 412,31,31.0,0.0,0.0
1995,merchant 401,83,83.0,0.0,0.0
1349,merchant 2212,1,1.0,0.0,0.0
2009,merchant 414,387,387.0,0.0,0.0
2010,merchant 415,41,41.0,0.0,0.0
2011,merchant 416,4,4.0,0.0,0.0
2012,merchant 417,2,2.0,0.0,0.0
2014,merchant 419,3,3.0,0.0,0.0
2016,merchant 420,29,29.0,0.0,0.0
1996,merchant 402,4,4.0,0.0,0.0
1994,merchant 400,66,66.0,0.0,0.0
2018,merchant 422,7,7.0,0.0,0.0
1981,merchant 39,222,222.0,0.0,0.0
1974,merchant 383,50,50.0,0.0,0.0
1975,merchant 384,33,33.0,0.0,0.0
1976,merchant 385,134,134.0,0.0,0.0
1977,merchant 386,5,5.0,0.0,0.0
1978,merchant 387,44,44.0,0.0,0.0
1979,merchant 388,1,1.0,0.0,0.0
1980,merchant 389,17,17.0,0.0,0.0
1982,merchant 390,89,89.0,0.0,0.0
1991,merchant 399,30,30.0,0.0,0.0
1983,merchant 391,32,32.0,0.0,0.0
1985,merchant 393,75,75.0,0.0,0.0
1986,merchant 394,23,23.0,0.0,0.0
1987,merchant 395,189,189.0,0.0,0.0
1988,merchant 396,47,47.0,0.0,0.0
1989,merchant 397,14,14.0,0.0,0.0
1990,merchant 398,2,2.0,0.0,0.0
2017,merchant 421,4,4.0,0.0,0.0
2019,merchant 423,26,26.0,0.0,0.0
2060,merchant 460,59,59.0,0.0,0.0
2050,merchant 451,37,37.0,0.0,0.0
2042,merchant 444,75,75.0,0.0,0.0
2043,merchant 445,92,92.0,0.0,0.0
2044,merchant 446,1,1.0,0.0,0.0
2045,merchant 447,5,5.0,0.0,0.0
2046,merchant 448,2,2.0,0.0,0.0
2048,merchant 45,539,539.0,0.0,0.0
2049,merchant 450,11,11.0,0.0,0.0
2051,merchant 452,6,6.0,0.0,0.0
2040,merchant 442,53,53.0,0.0,0.0
2052,merchant 453,32,32.0,0.0,0.0
2053,merchant 454,36,36.0,0.0,0.0
2054,merchant 455,15,15.0,0.0,0.0
2055,merchant 456,41,41.0,0.0,0.0
2056,merchant 457,2,2.0,0.0,0.0
2057,merchant 458,14,14.0,0.0,0.0
2058,merchant 459,10,10.0,0.0,0.0
2041,merchant 443,109,109.0,0.0,0.0
2039,merchant 441,25,25.0,0.0,0.0
2020,merchant 424,39,39.0,0.0,0.0
2028,merchant 431,67,67.0,0.0,0.0
2021,merchant 425,2,2.0,0.0,0.0
2022,merchant 426,15,15.0,0.0,0.0
2023,merchant 427,2,2.0,0.0,0.0
2024,merchant 428,10,10.0,0.0,0.0
2025,merchant 429,3,3.0,0.0,0.0
2026,merchant 43,313,313.0,0.0,0.0
2027,merchant 430,7,7.0,0.0,0.0
2030,merchant 433,62,62.0,0.0,0.0
2038,merchant 440,23,23.0,0.0,0.0
2031,merchant 434,109,109.0,0.0,0.0
2032,merchant 435,19,19.0,0.0,0.0
2033,merchant 436,19,19.0,0.0,0.0
2034,merchant 437,1,1.0,0.0,0.0
2035,merchant 438,107,107.0,0.0,0.0
2036,merchant 439,13,13.0,0.0,0.0
2037,merchant 44,490,490.0,0.0,0.0
2145,merchant 537,14,14.0,0.0,0.0
2146,merchant 538,5,5.0,0.0,0.0
2148,merchant 54,25,25.0,0.0,0.0
2266,merchant 646,4,4.0,0.0,0.0
2258,merchant 639,9,9.0,0.0,0.0
2260,merchant 640,552,552.0,0.0,0.0
2261,merchant 641,4,4.0,0.0,0.0
2262,merchant 642,4,4.0,0.0,0.0
2263,merchant 643,7,7.0,0.0,0.0
2264,merchant 644,1,1.0,0.0,0.0
2265,merchant 645,11,11.0,0.0,0.0
2267,merchant 647,14,14.0,0.0,0.0
2256,merchant 637,16,16.0,0.0,0.0
2268,merchant 648,22,22.0,0.0,0.0
2269,merchant 649,4,4.0,0.0,0.0
2270,merchant 65,4,4.0,0.0,0.0
2271,merchant 650,41,41.0,0.0,0.0
2272,merchant 651,9,9.0,0.0,0.0
2273,merchant 652,9,9.0,0.0,0.0
2274,merchant 653,1,1.0,0.0,0.0
2257,merchant 638,11,11.0,0.0,0.0
2255,merchant 636,16,16.0,0.0,0.0
2276,merchant 655,39,39.0,0.0,0.0
2244,merchant 626,1,1.0,0.0,0.0
2236,merchant 619,11,11.0,0.0,0.0
2238,merchant 620,10,10.0,0.0,0.0
2239,merchant 621,8,8.0,0.0,0.0
2240,merchant 622,2,2.0,0.0,0.0
2241,merchant 623,12,12.0,0.0,0.0
2242,merchant 624,5,5.0,0.0,0.0
2243,merchant 625,3,3.0,0.0,0.0
2245,merchant 627,45,45.0,0.0,0.0
2254,merchant 635,46,46.0,0.0,0.0
2246,merchant 628,15,15.0,0.0,0.0
2247,merchant 629,12,12.0,0.0,0.0
2248,merchant 63,260,260.0,0.0,0.0
2249,merchant 630,1,1.0,0.0,0.0
2251,merchant 632,2,2.0,0.0,0.0
2252,merchant 633,23,23.0,0.0,0.0
2253,merchant 634,10,10.0,0.0,0.0
2275,merchant 654,1,1.0,0.0,0.0
2277,merchant 656,18,18.0,0.0,0.0
2149,merchant 540,6,6.0,0.0,0.0
2308,merchant 684,3,3.0,0.0,0.0
2300,merchant 677,1,1.0,0.0,0.0
2302,merchant 679,7,7.0,0.0,0.0
2303,merchant 68,74,74.0,0.0,0.0
2304,merchant 680,6,6.0,0.0,0.0
2305,merchant 681,4,4.0,0.0,0.0
2306,merchant 682,7,7.0,0.0,0.0
2307,merchant 683,1,1.0,0.0,0.0
2309,merchant 685,8,8.0,0.0,0.0
2298,merchant 675,4,4.0,0.0,0.0
2310,merchant 686,10,10.0,0.0,0.0
2311,merchant 687,2,2.0,0.0,0.0
2312,merchant 688,4,4.0,0.0,0.0
2313,merchant 689,2,2.0,0.0,0.0
2314,merchant 69,193,193.0,0.0,0.0
2315,merchant 690,2,2.0,0.0,0.0
2317,merchant 692,1,1.0,0.0,0.0
2299,merchant 676,2,2.0,0.0,0.0
2297,merchant 674,1,1.0,0.0,0.0
2278,merchant 657,15,15.0,0.0,0.0
2286,merchant 664,14,14.0,0.0,0.0
2279,merchant 658,17,17.0,0.0,0.0
2280,merchant 659,2,2.0,0.0,0.0
2281,merchant 66,46,46.0,0.0,0.0
2282,merchant 660,20,20.0,0.0,0.0
2283,merchant 661,5,5.0,0.0,0.0
2284,merchant 662,5,5.0,0.0,0.0
2285,merchant 663,7,7.0,0.0,0.0
2287,merchant 665,5,5.0,0.0,0.0
2296,merchant 673,1,1.0,0.0,0.0
2288,merchant 666,5,5.0,0.0,0.0
2289,merchant 667,17,17.0,0.0,0.0
2290,merchant 668,14,14.0,0.0,0.0
2291,merchant 669,12,12.0,0.0,0.0
2292,merchant 67,177,177.0,0.0,0.0
2293,merchant 670,35,35.0,0.0,0.0
2295,merchant 672,19,19.0,0.0,0.0
2235,merchant 618,1,1.0,0.0,0.0
2234,merchant 617,10,10.0,0.0,0.0
2233,merchant 616,28,28.0,0.0,0.0
2179,merchant 568,3,3.0,0.0,0.0
2172,merchant 561,1,1.0,0.0,0.0
2173,merchant 562,44,44.0,0.0,0.0
2174,merchant 563,100,100.0,0.0,0.0
2175,merchant 564,1,1.0,0.0,0.0
2176,merchant 565,1,1.0,0.0,0.0
2177,merchant 566,13,13.0,0.0,0.0
2178,merchant 567,7,7.0,0.0,0.0
2180,merchant 569,12,12.0,0.0,0.0
2170,merchant 56,348,348.0,0.0,0.0
2181,merchant 57,71,71.0,0.0,0.0
2182,merchant 570,20,20.0,0.0,0.0
2183,merchant 571,1,1.0,0.0,0.0
2184,merchant 572,7,7.0,0.0,0.0
2185,merchant 573,29,29.0,0.0,0.0
2186,merchant 574,36,36.0,0.0,0.0
2187,merchant 575,12,12.0,0.0,0.0
2171,merchant 560,19,19.0,0.0,0.0
2169,merchant 559,43,43.0,0.0,0.0
2232,merchant 615,4,4.0,0.0,0.0
2157,merchant 548,8,8.0,0.0,0.0
2150,merchant 541,25,25.0,0.0,0.0
2151,merchant 542,3,3.0,0.0,0.0
2152,merchant 543,3,3.0,0.0,0.0
2153,merchant 544,32,32.0,0.0,0.0
2154,merchant 545,4,4.0,0.0,0.0
2155,merchant 546,13,13.0,0.0,0.0
2156,merchant 547,15,15.0,0.0,0.0
2158,merchant 549,8,8.0,0.0,0.0
2168,merchant 558,3,3.0,0.0,0.0
2161,merchant 551,2,2.0,0.0,0.0
2162,merchant 552,7,7.0,0.0,0.0
2163,merchant 553,20,20.0,0.0,0.0
2164,merchant 554,15,15.0,0.0,0.0
2165,merchant 555,17,17.0,0.0,0.0
2166,merchant 556,26,26.0,0.0,0.0
2167,merchant 557,24,24.0,0.0,0.0
2188,merchant 576,13,13.0,0.0,0.0
2189,merchant 577,2,2.0,0.0,0.0
2190,merchant 578,2,2.0,0.0,0.0
2221,merchant 605,6,6.0,0.0,0.0
2213,merchant 599,2,2.0,0.0,0.0
2214,merchant 6,462,462.0,0.0,0.0
2215,merchant 60,483,483.0,0.0,0.0
2216,merchant 600,5,5.0,0.0,0.0
2217,merchant 601,1,1.0,0.0,0.0
2218,merchant 602,3,3.0,0.0,0.0
2219,merchant 603,23,23.0,0.0,0.0
2222,merchant 606,3,3.0,0.0,0.0
2191,merchant 579,28,28.0,0.0,0.0
2223,merchant 607,6,6.0,0.0,0.0
2224,merchant 608,8,8.0,0.0,0.0
2225,merchant 609,75,75.0,0.0,0.0
2228,merchant 611,18,18.0,0.0,0.0
2229,merchant 612,18,18.0,0.0,0.0
2230,merchant 613,20,20.0,0.0,0.0
2231,merchant 614,56,56.0,0.0,0.0
2212,merchant 598,29,29.0,0.0,0.0
2211,merchant 597,1,1.0,0.0,0.0
2210,merchant 596,15,15.0,0.0,0.0
2209,merchant 595,1,1.0,0.0,0.0
2192,merchant 58,33,33.0,0.0,0.0
2193,merchant 580,33,33.0,0.0,0.0
2194,merchant 581,36,36.0,0.0,0.0
2195,merchant 582,34,34.0,0.0,0.0
2196,merchant 583,46,46.0,0.0,0.0
2198,merchant 585,39,39.0,0.0,0.0
2199,merchant 586,52,52.0,0.0,0.0
2200,merchant 587,13,13.0,0.0,0.0
2202,merchant 589,6,6.0,0.0,0.0
2203,merchant 59,101,101.0,0.0,0.0
2204,merchant 590,9,9.0,0.0,0.0
2205,merchant 591,3,3.0,0.0,0.0
2206,merchant 592,2,2.0,0.0,0.0
2207,merchant 593,2,2.0,0.0,0.0
2208,merchant 594,2,2.0,0.0,0.0
1350,merchant 2213,1,1.0,0.0,0.0
1329,merchant 2195,1,1.0,0.0,0.0
1348,merchant 2211,1,1.0,0.0,0.0
466,merchant 1418,1,1.0,0.0,0.0
447,merchant 1400,6,6.0,0.0,0.0
448,merchant 1401,4,4.0,0.0,0.0
449,merchant 1402,1,1.0,0.0,0.0
450,merchant 1403,8,8.0,0.0,0.0
451,merchant 1404,6,6.0,0.0,0.0
452,merchant 1405,4,4.0,0.0,0.0
453,merchant 1406,1,1.0,0.0,0.0
454,merchant 1407,1,1.0,0.0,0.0
455,merchant 1408,1,1.0,0.0,0.0
456,merchant 1409,4,4.0,0.0,0.0
458,merchant 1410,2,2.0,0.0,0.0
459,merchant 1411,2,2.0,0.0,0.0
460,merchant 1412,6,6.0,0.0,0.0
461,merchant 1413,4,4.0,0.0,0.0
462,merchant 1414,1,1.0,0.0,0.0
463,merchant 1415,1,1.0,0.0,0.0
464,merchant 1416,1,1.0,0.0,0.0
446,merchant 140,18,18.0,0.0,0.0
445,merchant 14,44,44.0,0.0,0.0
444,merchant 1399,3,3.0,0.0,0.0
432,merchant 1388,3,3.0,0.0,0.0
424,merchant 1380,1,1.0,0.0,0.0
425,merchant 1381,3,3.0,0.0,0.0
426,merchant 1382,2,2.0,0.0,0.0
427,merchant 1383,2,2.0,0.0,0.0
428,merchant 1384,2,2.0,0.0,0.0
429,merchant 1385,1,1.0,0.0,0.0
431,merchant 1387,2,2.0,0.0,0.0
433,merchant 1389,6,6.0,0.0,0.0
443,merchant 1398,3,3.0,0.0,0.0
435,merchant 1390,4,4.0,0.0,0.0
436,merchant 1391,8,8.0,0.0,0.0
437,merchant 1392,6,6.0,0.0,0.0
438,merchant 1393,11,11.0,0.0,0.0
439,merchant 1394,13,13.0,0.0,0.0
440,merchant 1395,1,1.0,0.0,0.0
441,merchant 1396,1,1.0,0.0,0.0
465,merchant 1417,13,13.0,0.0,0.0
467,merchant 1419,11,11.0,0.0,0.0
422,merchant 1379,1,1.0,0.0,0.0
468,merchant 142,71,71.0,0.0,0.0
491,merchant 1440,1,1.0,0.0,0.0
492,merchant 1441,2,2.0,0.0,0.0
493,merchant 1442,2,2.0,0.0,0.0
494,merchant 1443,1,1.0,0.0,0.0
495,merchant 1444,1,1.0,0.0,0.0
496,merchant 1445,1,1.0,0.0,0.0
497,merchant 1446,7,7.0,0.0,0.0
498,merchant 1447,2,2.0,0.0,0.0
499,merchant 1448,10,10.0,0.0,0.0
500,merchant 1449,1,1.0,0.0,0.0
501,merchant 145,19,19.0,0.0,0.0
502,merchant 1450,5,5.0,0.0,0.0
503,merchant 1451,3,3.0,0.0,0.0
504,merchant 1452,1,1.0,0.0,0.0
505,merchant 1453,6,6.0,0.0,0.0
506,merchant 1454,7,7.0,0.0,0.0
507,merchant 1455,1,1.0,0.0,0.0
490,merchant 144,61,61.0,0.0,0.0
489,merchant 1439,1,1.0,0.0,0.0
488,merchant 1438,2,2.0,0.0,0.0
476,merchant 1427,4,4.0,0.0,0.0
469,merchant 1420,1,1.0,0.0,0.0
470,merchant 1421,13,13.0,0.0,0.0
471,merchant 1422,2,2.0,0.0,0.0
472,merchant 1423,18,18.0,0.0,0.0
473,merchant 1424,8,8.0,0.0,0.0
474,merchant 1425,1,1.0,0.0,0.0
475,merchant 1426,1,1.0,0.0,0.0
477,merchant 1428,3,3.0,0.0,0.0
487,merchant 1437,2,2.0,0.0,0.0
478,merchant 1429,1,1.0,0.0,0.0
480,merchant 1430,1,1.0,0.0,0.0
482,merchant 1432,5,5.0,0.0,0.0
483,merchant 1433,1,1.0,0.0,0.0
484,merchant 1434,2,2.0,0.0,0.0
485,merchant 1435,9,9.0,0.0,0.0
486,merchant 1436,14,14.0,0.0,0.0
423,merchant 138,41,41.0,0.0,0.0
421,merchant 1378,4,4.0,0.0,0.0
509,merchant 1457,1,1.0,0.0,0.0
380,merchant 1340,3,3.0,0.0,0.0
361,merchant 1323,7,7.0,0.0,0.0
362,merchant 1324,2,2.0,0.0,0.0
363,merchant 1325,1,1.0,0.0,0.0
364,merchant 1326,2,2.0,0.0,0.0
365,merchant 1327,4,4.0,0.0,0.0
366,merchant 1328,2,2.0,0.0,0.0
367,merchant 1329,1,1.0,0.0,0.0
368,merchant 133,19,19.0,0.0,0.0
369,merchant 1330,6,6.0,0.0,0.0
370,merchant 1331,3,3.0,0.0,0.0
371,merchant 1332,3,3.0,0.0,0.0
372,merchant 1333,9,9.0,0.0,0.0
373,merchant 1334,2,2.0,0.0,0.0
374,merchant 1335,7,7.0,0.0,0.0
375,merchant 1336,1,1.0,0.0,0.0
376,merchant 1337,7,7.0,0.0,0.0
377,merchant 1338,1,1.0,0.0,0.0
360,merchant 1322,1,1.0,0.0,0.0
359,merchant 1321,1,1.0,0.0,0.0
358,merchant 1320,13,13.0,0.0,0.0
347,merchant 1310,6,6.0,0.0,0.0
340,merchant 1304,1,1.0,0.0,0.0
341,merchant 1305,12,12.0,0.0,0.0
342,merchant 1306,1,1.0,0.0,0.0
343,merchant 1307,1,1.0,0.0,0.0
344,merchant 1308,13,13.0,0.0,0.0
345,merchant 1309,23,23.0,0.0,0.0
346,merchant 131,11,11.0,0.0,0.0
348,merchant 1311,6,6.0,0.0,0.0
356,merchant 1319,3,3.0,0.0,0.0
349,merchant 1312,2,2.0,0.0,0.0
350,merchant 1313,1,1.0,0.0,0.0
351,merchant 1314,1,1.0,0.0,0.0
352,merchant 1315,5,5.0,0.0,0.0
353,merchant 1316,2,2.0,0.0,0.0
354,merchant 1317,1,1.0,0.0,0.0
355,merchant 1318,4,4.0,0.0,0.0
378,merchant 1339,4,4.0,0.0,0.0
381,merchant 1341,2,2.0,0.0,0.0
420,merchant 1377,2,2.0,0.0,0.0
382,merchant 1342,1,1.0,0.0,0.0
403,merchant 1361,2,2.0,0.0,0.0
404,merchant 1362,1,1.0,0.0,0.0
405,merchant 1363,1,1.0,0.0,0.0
406,merchant 1364,2,2.0,0.0,0.0
407,merchant 1365,2,2.0,0.0,0.0
408,merchant 1366,5,5.0,0.0,0.0
409,merchant 1367,2,2.0,0.0,0.0
410,merchant 1368,3,3.0,0.0,0.0
411,merchant 1369,1,1.0,0.0,0.0
412,merchant 137,25,25.0,0.0,0.0
413,merchant 1370,2,2.0,0.0,0.0
414,merchant 1371,4,4.0,0.0,0.0
415,merchant 1372,3,3.0,0.0,0.0
416,merchant 1373,5,5.0,0.0,0.0
417,merchant 1374,1,1.0,0.0,0.0
418,merchant 1375,1,1.0,0.0,0.0
419,merchant 1376,4,4.0,0.0,0.0
402,merchant 1360,2,2.0,0.0,0.0
401,merchant 136,308,308.0,0.0,0.0
400,merchant 1359,1,1.0,0.0,0.0
390,merchant 135,69,69.0,0.0,0.0
383,merchant 1343,2,2.0,0.0,0.0
384,merchant 1344,4,4.0,0.0,0.0
385,merchant 1345,1,1.0,0.0,0.0
386,merchant 1346,5,5.0,0.0,0.0
387,merchant 1347,1,1.0,0.0,0.0
388,merchant 1348,1,1.0,0.0,0.0
389,merchant 1349,8,8.0,0.0,0.0
391,merchant 1350,5,5.0,0.0,0.0
399,merchant 1358,10,10.0,0.0,0.0
392,merchant 1351,14,14.0,0.0,0.0
393,merchant 1352,7,7.0,0.0,0.0
394,merchant 1353,3,3.0,0.0,0.0
395,merchant 1354,8,8.0,0.0,0.0
396,merchant 1355,1,1.0,0.0,0.0
397,merchant 1356,2,2.0,0.0,0.0
398,merchant 1357,4,4.0,0.0,0.0
508,merchant 1456,4,4.0,0.0,0.0
510,merchant 1458,5,5.0,0.0,0.0
678,merchant 1609,4,4.0,0.0,0.0
635,merchant 1570,1,1.0,0.0,0.0
616,merchant 1553,3,3.0,0.0,0.0
617,merchant 1554,3,3.0,0.0,0.0
618,merchant 1555,5,5.0,0.0,0.0
619,merchant 1556,3,3.0,0.0,0.0
620,merchant 1557,1,1.0,0.0,0.0
621,merchant 1558,3,3.0,0.0,0.0
622,merchant 1559,2,2.0,0.0,0.0
624,merchant 1560,1,1.0,0.0,0.0
625,merchant 1561,5,5.0,0.0,0.0
626,merchant 1562,1,1.0,0.0,0.0
627,merchant 1563,3,3.0,0.0,0.0
628,merchant 1564,2,2.0,0.0,0.0
629,merchant 1565,4,4.0,0.0,0.0
630,merchant 1566,1,1.0,0.0,0.0
631,merchant 1567,7,7.0,0.0,0.0
632,merchant 1568,3,3.0,0.0,0.0
633,merchant 1569,3,3.0,0.0,0.0
615,merchant 1552,9,9.0,0.0,0.0
614,merchant 1551,1,1.0,0.0,0.0
613,merchant 1550,10,10.0,0.0,0.0
603,merchant 1541,2,2.0,0.0,0.0
596,merchant 1535,1,1.0,0.0,0.0
597,merchant 1536,8,8.0,0.0,0.0
598,merchant 1537,11,11.0,0.0,0.0
599,merchant 1538,1,1.0,0.0,0.0
600,merchant 1539,1,1.0,0.0,0.0
601,merchant 154,23,23.0,0.0,0.0
602,merchant 1540,5,5.0,0.0,0.0
604,merchant 1542,1,1.0,0.0,0.0
612,merchant 155,99,99.0,0.0,0.0
605,merchant 1543,2,2.0,0.0,0.0
606,merchant 1544,4,4.0,0.0,0.0
607,merchant 1545,2,2.0,0.0,0.0
608,merchant 1546,5,5.0,0.0,0.0
609,merchant 1547,3,3.0,0.0,0.0
610,merchant 1548,3,3.0,0.0,0.0
611,merchant 1549,2,2.0,0.0,0.0
634,merchant 157,129,129.0,0.0,0.0
636,merchant 1571,6,6.0,0.0,0.0
594,merchant 1533,2,2.0,0.0,0.0
637,merchant 1572,1,1.0,0.0,0.0
660,merchant 1593,1,1.0,0.0,0.0
661,merchant 1594,1,1.0,0.0,0.0
662,merchant 1595,1,1.0,0.0,0.0
663,merchant 1596,2,2.0,0.0,0.0
664,merchant 1597,3,3.0,0.0,0.0
665,merchant 1598,1,1.0,0.0,0.0
666,merchant 1599,6,6.0,0.0,0.0
667,merchant 16,2,2.0,0.0,0.0
668,merchant 160,97,97.0,0.0,0.0
669,merchant 1600,1,1.0,0.0,0.0
670,merchant 1601,1,1.0,0.0,0.0
671,merchant 1602,2,2.0,0.0,0.0
672,merchant 1603,1,1.0,0.0,0.0
673,merchant 1604,1,1.0,0.0,0.0
674,merchant 1605,1,1.0,0.0,0.0
675,merchant 1606,5,5.0,0.0,0.0
676,merchant 1607,4,4.0,0.0,0.0
659,merchant 1592,3,3.0,0.0,0.0
658,merchant 1591,1,1.0,0.0,0.0
657,merchant 1590,3,3.0,0.0,0.0
645,merchant 158,9,9.0,0.0,0.0
638,merchant 1573,2,2.0,0.0,0.0
639,merchant 1574,5,5.0,0.0,0.0
640,merchant 1575,3,3.0,0.0,0.0
641,merchant 1576,3,3.0,0.0,0.0
642,merchant 1577,2,2.0,0.0,0.0
643,merchant 1578,5,5.0,0.0,0.0
644,merchant 1579,3,3.0,0.0,0.0
646,merchant 1580,1,1.0,0.0,0.0
655,merchant 1589,2,2.0,0.0,0.0
648,merchant 1582,3,3.0,0.0,0.0
649,merchant 1583,2,2.0,0.0,0.0
650,merchant 1584,1,1.0,0.0,0.0
651,merchant 1585,1,1.0,0.0,0.0
652,merchant 1586,3,3.0,0.0,0.0
653,merchant 1587,2,2.0,0.0,0.0
654,merchant 1588,4,4.0,0.0,0.0
595,merchant 1534,6,6.0,0.0,0.0
593,merchant 1532,2,2.0,0.0,0.0
511,merchant 1459,9,9.0,0.0,0.0
552,merchant 1496,7,7.0,0.0,0.0
532,merchant 1478,15,15.0,0.0,0.0
533,merchant 1479,1,1.0,0.0,0.0
535,merchant 1480,6,6.0,0.0,0.0
536,merchant 1481,11,11.0,0.0,0.0
537,merchant 1482,2,2.0,0.0,0.0
538,merchant 1483,3,3.0,0.0,0.0
539,merchant 1484,8,8.0,0.0,0.0
540,merchant 1485,9,9.0,0.0,0.0
541,merchant 1486,2,2.0,0.0,0.0
542,merchant 1487,7,7.0,0.0,0.0
543,merchant 1488,6,6.0,0.0,0.0
544,merchant 1489,4,4.0,0.0,0.0
546,merchant 1490,5,5.0,0.0,0.0
547,merchant 1491,4,4.0,0.0,0.0
548,merchant 1492,18,18.0,0.0,0.0
549,merchant 1493,2,2.0,0.0,0.0
550,merchant 1494,6,6.0,0.0,0.0
531,merchant 1477,3,3.0,0.0,0.0
530,merchant 1476,1,1.0,0.0,0.0
529,merchant 1475,1,1.0,0.0,0.0
519,merchant 1466,1,1.0,0.0,0.0
512,merchant 146,6,6.0,0.0,0.0
513,merchant 1460,1,1.0,0.0,0.0
514,merchant 1461,1,1.0,0.0,0.0
515,merchant 1462,4,4.0,0.0,0.0
516,merchant 1463,1,1.0,0.0,0.0
517,merchant 1464,5,5.0,0.0,0.0
518,merchant 1465,1,1.0,0.0,0.0
520,merchant 1467,1,1.0,0.0,0.0
528,merchant 1474,1,1.0,0.0,0.0
521,merchant 1468,6,6.0,0.0,0.0
522,merchant 1469,1,1.0,0.0,0.0
523,merchant 147,122,122.0,0.0,0.0
524,merchant 1470,2,2.0,0.0,0.0
525,merchant 1471,1,1.0,0.0,0.0
526,merchant 1472,1,1.0,0.0,0.0
527,merchant 1473,1,1.0,0.0,0.0
551,merchant 1495,2,2.0,0.0,0.0
553,merchant 1497,2,2.0,0.0,0.0
592,merchant 1531,6,6.0,0.0,0.0
554,merchant 1498,2,2.0,0.0,0.0
575,merchant 1516,3,3.0,0.0,0.0
576,merchant 1517,11,11.0,0.0,0.0
577,merchant 1518,1,1.0,0.0,0.0
578,merchant 1519,1,1.0,0.0,0.0
579,merchant 152,126,126.0,0.0,0.0
580,merchant 1520,2,2.0,0.0,0.0
581,merchant 1521,1,1.0,0.0,0.0
582,merchant 1522,1,1.0,0.0,0.0
583,merchant 1523,10,10.0,0.0,0.0
584,merchant 1524,4,4.0,0.0,0.0
585,merchant 1525,4,4.0,0.0,0.0
586,merchant 1526,9,9.0,0.0,0.0
587,merchant 1527,6,6.0,0.0,0.0
588,merchant 1528,1,1.0,0.0,0.0
589,merchant 1529,8,8.0,0.0,0.0
590,merchant 153,31,31.0,0.0,0.0
591,merchant 1530,4,4.0,0.0,0.0
574,merchant 1515,2,2.0,0.0,0.0
573,merchant 1514,2,2.0,0.0,0.0
572,merchant 1513,6,6.0,0.0,0.0
562,merchant 1504,7,7.0,0.0,0.0
555,merchant 1499,2,2.0,0.0,0.0
556,merchant 15,109,109.0,0.0,0.0
557,merchant 150,39,39.0,0.0,0.0
558,merchant 1500,1,1.0,0.0,0.0
559,merchant 1501,4,4.0,0.0,0.0
560,merchant 1502,4,4.0,0.0,0.0
561,merchant 1503,6,6.0,0.0,0.0
563,merchant 1505,1,1.0,0.0,0.0
571,merchant 1512,2,2.0,0.0,0.0
564,merchant 1506,4,4.0,0.0,0.0
565,merchant 1507,2,2.0,0.0,0.0
566,merchant 1508,2,2.0,0.0,0.0
567,merchant 1509,3,3.0,0.0,0.0
568,merchant 151,116,116.0,0.0,0.0
569,merchant 1510,2,2.0,0.0,0.0
570,merchant 1511,3,3.0,0.0,0.0
339,merchant 1303,1,1.0,0.0,0.0
338,merchant 1302,2,2.0,0.0,0.0
337,merchant 1301,4,4.0,0.0,0.0
127,merchant 1112,3,3.0,0.0,0.0
108,merchant 1096,15,15.0,0.0,0.0
109,merchant 1097,2,2.0,0.0,0.0
110,merchant 1098,3,3.0,0.0,0.0
111,merchant 1099,1,1.0,0.0,0.0
113,merchant 110,363,363.0,0.0,0.0
114,merchant 1100,6,6.0,0.0,0.0
115,merchant 1101,13,13.0,0.0,0.0
116,merchant 1102,4,4.0,0.0,0.0
117,merchant 1103,1,1.0,0.0,0.0
118,merchant 1104,2,2.0,0.0,0.0
119,merchant 1105,7,7.0,0.0,0.0
120,merchant 1106,4,4.0,0.0,0.0
121,merchant 1107,1,1.0,0.0,0.0
122,merchant 1108,11,11.0,0.0,0.0
123,merchant 1109,4,4.0,0.0,0.0
124,merchant 111,203,203.0,0.0,0.0
125,merchant 1110,2,2.0,0.0,0.0
107,merchant 1095,9,9.0,0.0,0.0
106,merchant 1094,4,4.0,0.0,0.0
105,merchant 1093,11,11.0,0.0,0.0
94,merchant 1083,15,15.0,0.0,0.0
87,merchant 1077,1,1.0,0.0,0.0
88,merchant 1078,1,1.0,0.0,0.0
89,merchant 1079,4,4.0,0.0,0.0
90,merchant 108,11,11.0,0.0,0.0
91,merchant 1080,11,11.0,0.0,0.0
92,merchant 1081,6,6.0,0.0,0.0
93,merchant 1082,3,3.0,0.0,0.0
95,merchant 1084,11,11.0,0.0,0.0
104,merchant 1092,6,6.0,0.0,0.0
96,merchant 1085,13,13.0,0.0,0.0
97,merchant 1086,4,4.0,0.0,0.0
98,merchant 1087,1,1.0,0.0,0.0
99,merchant 1088,9,9.0,0.0,0.0
100,merchant 1089,14,14.0,0.0,0.0
101,merchant 109,1050,1050.0,0.0,0.0
103,merchant 1091,2,2.0,0.0,0.0
126,merchant 1111,8,8.0,0.0,0.0
128,merchant 1113,22,22.0,0.0,0.0
85,merchant 1075,3,3.0,0.0,0.0
129,merchant 1114,8,8.0,0.0,0.0
151,merchant 1134,4,4.0,0.0,0.0
152,merchant 1135,4,4.0,0.0,0.0
153,merchant 1136,7,7.0,0.0,0.0
154,merchant 1137,1,1.0,0.0,0.0
155,merchant 1138,5,5.0,0.0,0.0
156,merchant 1139,2,2.0,0.0,0.0
157,merchant 114,43,43.0,0.0,0.0
158,merchant 1140,1,1.0,0.0,0.0
159,merchant 1141,9,9.0,0.0,0.0
160,merchant 1142,1,1.0,0.0,0.0
161,merchant 1143,6,6.0,0.0,0.0
162,merchant 1144,7,7.0,0.0,0.0
163,merchant 1145,1,1.0,0.0,0.0
164,merchant 1146,7,7.0,0.0,0.0
165,merchant 1147,3,3.0,0.0,0.0
166,merchant 1148,5,5.0,0.0,0.0
167,merchant 1149,9,9.0,0.0,0.0
150,merchant 1133,9,9.0,0.0,0.0
149,merchant 1132,9,9.0,0.0,0.0
148,merchant 1131,11,11.0,0.0,0.0
138,merchant 1122,16,16.0,0.0,0.0
131,merchant 1116,3,3.0,0.0,0.0
132,merchant 1117,2,2.0,0.0,0.0
133,merchant 1118,2,2.0,0.0,0.0
134,merchant 1119,1,1.0,0.0,0.0
135,merchant 112,6,6.0,0.0,0.0
136,merchant 1120,4,4.0,0.0,0.0
137,merchant 1121,15,15.0,0.0,0.0
139,merchant 1123,1,1.0,0.0,0.0
147,merchant 1130,8,8.0,0.0,0.0
140,merchant 1124,2,2.0,0.0,0.0
141,merchant 1125,2,2.0,0.0,0.0
142,merchant 1126,2,2.0,0.0,0.0
143,merchant 1127,1,1.0,0.0,0.0
144,merchant 1128,6,6.0,0.0,0.0
145,merchant 1129,6,6.0,0.0,0.0
146,merchant 113,117,117.0,0.0,0.0
86,merchant 1076,4,4.0,0.0,0.0
84,merchant 1074,1,1.0,0.0,0.0
336,merchant 1300,5,5.0,0.0,0.0
43,merchant 1037,13,13.0,0.0,0.0
24,merchant 102,20,20.0,0.0,0.0
25,merchant 1020,3,3.0,0.0,0.0
26,merchant 1021,8,8.0,0.0,0.0
27,merchant 1022,1,1.0,0.0,0.0
28,merchant 1023,3,3.0,0.0,0.0
30,merchant 1025,5,5.0,0.0,0.0
31,merchant 1026,9,9.0,0.0,0.0
32,merchant 1027,1,1.0,0.0,0.0
33,merchant 1028,29,29.0,0.0,0.0
34,merchant 1029,8,8.0,0.0,0.0
35,merchant 103,50,50.0,0.0,0.0
36,merchant 1030,20,20.0,0.0,0.0
37,merchant 1031,10,10.0,0.0,0.0
38,merchant 1032,1,1.0,0.0,0.0
39,merchant 1033,3,3.0,0.0,0.0
40,merchant 1034,1,1.0,0.0,0.0
41,merchant 1035,24,24.0,0.0,0.0
23,merchant 1019,37,37.0,0.0,0.0
22,merchant 1018,7,7.0,0.0,0.0
21,merchant 1017,16,16.0,0.0,0.0
9,merchant 1006,7,7.0,0.0,0.0
2,merchant 100,4,4.0,0.0,0.0
3,merchant 1000,15,15.0,0.0,0.0
4,merchant 1001,11,11.0,0.0,0.0
5,merchant 1002,1,1.0,0.0,0.0
6,merchant 1003,3,3.0,0.0,0.0
7,merchant 1004,4,4.0,0.0,0.0
8,merchant 1005,1,1.0,0.0,0.0
10,merchant 1007,11,11.0,0.0,0.0
20,merchant 1016,7,7.0,0.0,0.0
11,merchant 1008,1,1.0,0.0,0.0
12,merchant 1009,7,7.0,0.0,0.0
14,merchant 1010,1,1.0,0.0,0.0
15,merchant 1011,35,35.0,0.0,0.0
16,merchant 1012,1,1.0,0.0,0.0
18,merchant 1014,5,5.0,0.0,0.0
19,merchant 1015,1,1.0,0.0,0.0
42,merchant 1036,1,1.0,0.0,0.0
44,merchant 1038,22,22.0,0.0,0.0
83,merchant 1073,2,2.0,0.0,0.0
45,merchant 1039,4,4.0,0.0,0.0
66,merchant 1058,1,1.0,0.0,0.0
67,merchant 1059,10,10.0,0.0,0.0
68,merchant 106,54,54.0,0.0,0.0
69,merchant 1060,21,21.0,0.0,0.0
70,merchant 1061,10,10.0,0.0,0.0
71,merchant 1062,5,5.0,0.0,0.0
72,merchant 1063,3,3.0,0.0,0.0
73,merchant 1064,35,35.0,0.0,0.0
74,merchant 1065,1,1.0,0.0,0.0
75,merchant 1066,5,5.0,0.0,0.0
76,merchant 1067,8,8.0,0.0,0.0
77,merchant 1068,6,6.0,0.0,0.0
78,merchant 1069,9,9.0,0.0,0.0
79,merchant 107,11,11.0,0.0,0.0
80,merchant 1070,26,26.0,0.0,0.0
81,merchant 1071,2,2.0,0.0,0.0
82,merchant 1072,5,5.0,0.0,0.0
65,merchant 1057,1,1.0,0.0,0.0
64,merchant 1056,1,1.0,0.0,0.0
63,merchant 1055,3,3.0,0.0,0.0
53,merchant 1046,3,3.0,0.0,0.0
46,merchant 104,52,52.0,0.0,0.0
47,merchant 1040,1,1.0,0.0,0.0
48,merchant 1041,12,12.0,0.0,0.0
49,merchant 1042,2,2.0,0.0,0.0
50,merchant 1043,5,5.0,0.0,0.0
51,merchant 1044,5,5.0,0.0,0.0
52,merchant 1045,4,4.0,0.0,0.0
54,merchant 1047,1,1.0,0.0,0.0
62,merchant 1054,9,9.0,0.0,0.0
55,merchant 1048,1,1.0,0.0,0.0
56,merchant 1049,1,1.0,0.0,0.0
57,merchant 105,35,35.0,0.0,0.0
58,merchant 1050,15,15.0,0.0,0.0
59,merchant 1051,2,2.0,0.0,0.0
60,merchant 1052,13,13.0,0.0,0.0
61,merchant 1053,33,33.0,0.0,0.0
168,merchant 115,3,3.0,0.0,0.0
169,merchant 1150,1,1.0,0.0,0.0
170,merchant 1151,7,7.0,0.0,0.0
295,merchant 1264,2,2.0,0.0,0.0
276,merchant 1247,11,11.0,0.0,0.0
277,merchant 1248,1,1.0,0.0,0.0
278,merchant 1249,8,8.0,0.0,0.0
279,merchant 125,23,23.0,0.0,0.0
280,merchant 1250,4,4.0,0.0,0.0
281,merchant 1251,1,1.0,0.0,0.0
282,merchant 1252,6,6.0,0.0,0.0
283,merchant 1253,1,1.0,0.0,0.0
284,merchant 1254,6,6.0,0.0,0.0
285,merchant 1255,1,1.0,0.0,0.0
286,merchant 1256,1,1.0,0.0,0.0
287,merchant 1257,1,1.0,0.0,0.0
288,merchant 1258,9,9.0,0.0,0.0
289,merchant 1259,1,1.0,0.0,0.0
291,merchant 1260,1,1.0,0.0,0.0
292,merchant 1261,1,1.0,0.0,0.0
293,merchant 1262,1,1.0,0.0,0.0
275,merchant 1246,2,2.0,0.0,0.0
274,merchant 1245,3,3.0,0.0,0.0
273,merchant 1244,12,12.0,0.0,0.0
263,merchant 1235,1,1.0,0.0,0.0
255,merchant 1228,2,2.0,0.0,0.0
256,merchant 1229,4,4.0,0.0,0.0
257,merchant 123,5,5.0,0.0,0.0
259,merchant 1231,3,3.0,0.0,0.0
260,merchant 1232,2,2.0,0.0,0.0
261,merchant 1233,17,17.0,0.0,0.0
262,merchant 1234,4,4.0,0.0,0.0
264,merchant 1236,13,13.0,0.0,0.0
272,merchant 1243,6,6.0,0.0,0.0
265,merchant 1237,1,1.0,0.0,0.0
266,merchant 1238,5,5.0,0.0,0.0
267,merchant 1239,2,2.0,0.0,0.0
268,merchant 124,44,44.0,0.0,0.0
269,merchant 1240,1,1.0,0.0,0.0
270,merchant 1241,11,11.0,0.0,0.0
271,merchant 1242,1,1.0,0.0,0.0
294,merchant 1263,12,12.0,0.0,0.0
296,merchant 1265,10,10.0,0.0,0.0
171,merchant 1152,1,1.0,0.0,0.0
297,merchant 1266,1,1.0,0.0,0.0
319,merchant 1286,1,1.0,0.0,0.0
320,merchant 1287,1,1.0,0.0,0.0
321,merchant 1288,7,7.0,0.0,0.0
322,merchant 1289,1,1.0,0.0,0.0
323,merchant 129,41,41.0,0.0,0.0
324,merchant 1290,9,9.0,0.0,0.0
325,merchant 1291,2,2.0,0.0,0.0
326,merchant 1292,13,13.0,0.0,0.0
327,merchant 1293,2,2.0,0.0,0.0
328,merchant 1294,2,2.0,0.0,0.0
329,merchant 1295,1,1.0,0.0,0.0
330,merchant 1296,4,4.0,0.0,0.0
331,merchant 1297,13,13.0,0.0,0.0
332,merchant 1298,5,5.0,0.0,0.0
333,merchant 1299,9,9.0,0.0,0.0
334,merchant 13,1335,1335.0,0.0,0.0
335,merchant 130,126,126.0,0.0,0.0
318,merchant 1285,1,1.0,0.0,0.0
317,merchant 1284,2,2.0,0.0,0.0
316,merchant 1283,3,3.0,0.0,0.0
306,merchant 1274,8,8.0,0.0,0.0
298,merchant 1267,7,7.0,0.0,0.0
299,merchant 1268,9,9.0,0.0,0.0
300,merchant 1269,2,2.0,0.0,0.0
302,merchant 1270,2,2.0,0.0,0.0
303,merchant 1271,2,2.0,0.0,0.0
304,merchant 1272,11,11.0,0.0,0.0
305,merchant 1273,1,1.0,0.0,0.0
307,merchant 1275,4,4.0,0.0,0.0
315,merchant 1282,11,11.0,0.0,0.0
308,merchant 1276,3,3.0,0.0,0.0
309,merchant 1277,3,3.0,0.0,0.0
310,merchant 1278,11,11.0,0.0,0.0
311,merchant 1279,1,1.0,0.0,0.0
312,merchant 128,323,323.0,0.0,0.0
313,merchant 1280,5,5.0,0.0,0.0
314,merchant 1281,1,1.0,0.0,0.0
254,merchant 1227,1,1.0,0.0,0.0
253,merchant 1226,21,21.0,0.0,0.0
252,merchant 1225,3,3.0,0.0,0.0
251,merchant 1224,11,11.0,0.0,0.0
193,merchant 1172,6,6.0,0.0,0.0
194,merchant 1173,2,2.0,0.0,0.0
195,merchant 1174,1,1.0,0.0,0.0
196,merchant 1175,1,1.0,0.0,0.0
197,merchant 1176,14,14.0,0.0,0.0
198,merchant 1177,5,5.0,0.0,0.0
199,merchant 1178,3,3.0,0.0,0.0
200,merchant 1179,3,3.0,0.0,0.0
201,merchant 118,49,49.0,0.0,0.0
202,merchant 1180,10,10.0,0.0,0.0
203,merchant 1181,4,4.0,0.0,0.0
204,merchant 1182,9,9.0,0.0,0.0
205,merchant 1183,2,2.0,0.0,0.0
206,merchant 1184,16,16.0,0.0,0.0
207,merchant 1185,10,10.0,0.0,0.0
208,merchant 1186,5,5.0,0.0,0.0
209,merchant 1187,7,7.0,0.0,0.0
192,merchant 1171,8,8.0,0.0,0.0
191,merchant 1170,1,1.0,0.0,0.0
190,merchant 117,112,112.0,0.0,0.0
179,merchant 116,1,1.0,0.0,0.0
172,merchant 1153,18,18.0,0.0,0.0
173,merchant 1154,12,12.0,0.0,0.0
174,merchant 1155,1,1.0,0.0,0.0
175,merchant 1156,1,1.0,0.0,0.0
176,merchant 1157,7,7.0,0.0,0.0
177,merchant 1158,10,10.0,0.0,0.0
178,merchant 1159,2,2.0,0.0,0.0
180,merchant 1160,2,2.0,0.0,0.0
189,merchant 1169,2,2.0,0.0,0.0
181,merchant 1161,3,3.0,0.0,0.0
182,merchant 1162,5,5.0,0.0,0.0
183,merchant 1163,9,9.0,0.0,0.0
184,merchant 1164,2,2.0,0.0,0.0
186,merchant 1166,1,1.0,0.0,0.0
187,merchant 1167,16,16.0,0.0,0.0
188,merchant 1168,18,18.0,0.0,0.0
210,merchant 1188,1,1.0,0.0,0.0
211,merchant 1189,2,2.0,0.0,0.0
212,merchant 119,151,151.0,0.0,0.0
242,merchant 1216,8,8.0,0.0,0.0
235,merchant 121,170,170.0,0.0,0.0
236,merchant 1210,9,9.0,0.0,0.0
237,merchant 1211,1,1.0,0.0,0.0
238,merchant 1212,7,7.0,0.0,0.0
239,merchant 1213,4,4.0,0.0,0.0
240,merchant 1214,4,4.0,0.0,0.0
241,merchant 1215,1,1.0,0.0,0.0
243,merchant 1217,1,1.0,0.0,0.0
233,merchant 1208,2,2.0,0.0,0.0
244,merchant 1218,8,8.0,0.0,0.0
245,merchant 1219,2,2.0,0.0,0.0
246,merchant 122,99,99.0,0.0,0.0
247,merchant 1220,3,3.0,0.0,0.0
248,merchant 1221,3,3.0,0.0,0.0
249,merchant 1222,1,1.0,0.0,0.0
250,merchant 1223,4,4.0,0.0,0.0
234,merchant 1209,7,7.0,0.0,0.0
232,merchant 1207,2,2.0,0.0,0.0
213,merchant 1190,13,13.0,0.0,0.0
221,merchant 1198,1,1.0,0.0,0.0
214,merchant 1191,1,1.0,0.0,0.0
215,merchant 1192,3,3.0,0.0,0.0
216,merchant 1193,4,4.0,0.0,0.0
217,merchant 1194,2,2.0,0.0,0.0
218,merchant 1195,1,1.0,0.0,0.0
219,merchant 1196,1,1.0,0.0,0.0
220,merchant 1197,2,2.0,0.0,0.0
222,merchant 1199,2,2.0,0.0,0.0
231,merchant 1206,4,4.0,0.0,0.0
223,merchant 12,97,97.0,0.0,0.0
225,merchant 1200,3,3.0,0.0,0.0
226,merchant 1201,7,7.0,0.0,0.0
227,merchant 1202,4,4.0,0.0,0.0
228,merchant 1203,1,1.0,0.0,0.0
229,merchant 1204,4,4.0,0.0,0.0
230,merchant 1205,3,3.0,0.0,0.0
677,merchant 1608,1,1.0,0.0,0.0
679,merchant 161,75,75.0,0.0,0.0
1347,merchant 2210,1,1.0,0.0,0.0
1136,merchant 2020,2,2.0,0.0,0.0
1118,merchant 2004,2,2.0,0.0,0.0
1119,merchant 2005,1,1.0,0.0,0.0
1120,merchant 2006,1,1.0,0.0,0.0
1121,merchant 2007,1,1.0,0.0,0.0
1122,merchant 2008,1,1.0,0.0,0.0
1123,merchant 2009,2,2.0,0.0,0.0
1124,merchant 201,19,19.0,0.0,0.0
1125,merchant 2010,1,1.0,0.0,0.0
1126,merchant 2011,1,1.0,0.0,0.0
1127,merchant 2012,2,2.0,0.0,0.0
1128,merchant 2013,2,2.0,0.0,0.0
1129,merchant 2014,1,1.0,0.0,0.0
1130,merchant 2015,1,1.0,0.0,0.0
1131,merchant 2016,1,1.0,0.0,0.0
1132,merchant 2017,1,1.0,0.0,0.0
1133,merchant 2018,1,1.0,0.0,0.0
1134,merchant 2019,4,4.0,0.0,0.0
1117,merchant 2003,1,1.0,0.0,0.0
1116,merchant 2002,2,2.0,0.0,0.0
1115,merchant 2001,1,1.0,0.0,0.0
1104,merchant 1993,1,1.0,0.0,0.0
1097,merchant 1987,1,1.0,0.0,0.0
1098,merchant 1988,3,3.0,0.0,0.0
1099,merchant 1989,1,1.0,0.0,0.0
1100,merchant 199,22,22.0,0.0,0.0
1101,merchant 1990,2,2.0,0.0,0.0
1102,merchant 1991,2,2.0,0.0,0.0
1103,merchant 1992,1,1.0,0.0,0.0
1105,merchant 1994,1,1.0,0.0,0.0
1114,merchant 2000,2,2.0,0.0,0.0
1106,merchant 1995,1,1.0,0.0,0.0
1107,merchant 1996,3,3.0,0.0,0.0
1108,merchant 1997,1,1.0,0.0,0.0
1109,merchant 1998,1,1.0,0.0,0.0
1110,merchant 1999,2,2.0,0.0,0.0
1112,merchant 20,96,96.0,0.0,0.0
1113,merchant 200,39,39.0,0.0,0.0
1135,merchant 202,45,45.0,0.0,0.0
1137,merchant 2021,2,2.0,0.0,0.0
1095,merchant 1985,1,1.0,0.0,0.0
1138,merchant 2022,1,1.0,0.0,0.0
1160,merchant 2042,1,1.0,0.0,0.0
1161,merchant 2043,1,1.0,0.0,0.0
1162,merchant 2044,5,5.0,0.0,0.0
1163,merchant 2045,3,3.0,0.0,0.0
1164,merchant 2046,1,1.0,0.0,0.0
1165,merchant 2047,2,2.0,0.0,0.0
1166,merchant 2048,3,3.0,0.0,0.0
1167,merchant 2049,2,2.0,0.0,0.0
1168,merchant 205,9,9.0,0.0,0.0
1169,merchant 2050,1,1.0,0.0,0.0
1170,merchant 2051,2,2.0,0.0,0.0
1171,merchant 2052,2,2.0,0.0,0.0
1172,merchant 2053,1,1.0,0.0,0.0
1173,merchant 2054,1,1.0,0.0,0.0
1174,merchant 2055,2,2.0,0.0,0.0
1175,merchant 2056,1,1.0,0.0,0.0
1176,merchant 2057,4,4.0,0.0,0.0
1159,merchant 2041,3,3.0,0.0,0.0
1158,merchant 2040,2,2.0,0.0,0.0
1157,merchant 204,98,98.0,0.0,0.0
1147,merchant 2030,2,2.0,0.0,0.0
1139,merchant 2023,3,3.0,0.0,0.0
1140,merchant 2024,3,3.0,0.0,0.0
1141,merchant 2025,1,1.0,0.0,0.0
1142,merchant 2026,1,1.0,0.0,0.0
1143,merchant 2027,2,2.0,0.0,0.0
1144,merchant 2028,1,1.0,0.0,0.0
1145,merchant 2029,4,4.0,0.0,0.0
1148,merchant 2031,1,1.0,0.0,0.0
1156,merchant 2039,4,4.0,0.0,0.0
1149,merchant 2032,3,3.0,0.0,0.0
1150,merchant 2033,1,1.0,0.0,0.0
1151,merchant 2034,1,1.0,0.0,0.0
1152,merchant 2035,2,2.0,0.0,0.0
1153,merchant 2036,1,1.0,0.0,0.0
1154,merchant 2037,1,1.0,0.0,0.0
1155,merchant 2038,2,2.0,0.0,0.0
1096,merchant 1986,5,5.0,0.0,0.0
1094,merchant 1984,2,2.0,0.0,0.0
1178,merchant 2059,1,1.0,0.0,0.0
1052,merchant 1946,2,2.0,0.0,0.0
1034,merchant 193,155,155.0,0.0,0.0
1035,merchant 1930,2,2.0,0.0,0.0
1036,merchant 1931,5,5.0,0.0,0.0
1037,merchant 1932,1,1.0,0.0,0.0
1038,merchant 1933,3,3.0,0.0,0.0
1039,merchant 1934,2,2.0,0.0,0.0
1040,merchant 1935,3,3.0,0.0,0.0
1041,merchant 1936,1,1.0,0.0,0.0
1042,merchant 1937,1,1.0,0.0,0.0
1043,merchant 1938,2,2.0,0.0,0.0
1044,merchant 1939,1,1.0,0.0,0.0
1045,merchant 194,1,1.0,0.0,0.0
1046,merchant 1940,2,2.0,0.0,0.0
1047,merchant 1941,2,2.0,0.0,0.0
1048,merchant 1942,1,1.0,0.0,0.0
1049,merchant 1943,1,1.0,0.0,0.0
1050,merchant 1944,3,3.0,0.0,0.0
1033,merchant 1929,2,2.0,0.0,0.0
1032,merchant 1928,5,5.0,0.0,0.0
1031,merchant 1927,3,3.0,0.0,0.0
1021,merchant 1918,2,2.0,0.0,0.0
1014,merchant 1911,1,1.0,0.0,0.0
1015,merchant 1912,2,2.0,0.0,0.0
1016,merchant 1913,2,2.0,0.0,0.0
1017,merchant 1914,1,1.0,0.0,0.0
1018,merchant 1915,1,1.0,0.0,0.0
1019,merchant 1916,2,2.0,0.0,0.0
1020,merchant 1917,1,1.0,0.0,0.0
1022,merchant 1919,1,1.0,0.0,0.0
1030,merchant 1926,2,2.0,0.0,0.0
1023,merchant 192,15,15.0,0.0,0.0
1024,merchant 1920,2,2.0,0.0,0.0
1025,merchant 1921,2,2.0,0.0,0.0
1026,merchant 1922,2,2.0,0.0,0.0
1027,merchant 1923,1,1.0,0.0,0.0
1028,merchant 1924,1,1.0,0.0,0.0
1029,merchant 1925,1,1.0,0.0,0.0
1051,merchant 1945,1,1.0,0.0,0.0
1053,merchant 1947,1,1.0,0.0,0.0
1093,merchant 1983,8,8.0,0.0,0.0
1054,merchant 1948,1,1.0,0.0,0.0
1076,merchant 1968,2,2.0,0.0,0.0
1077,merchant 1969,8,8.0,0.0,0.0
1078,merchant 197,2,2.0,0.0,0.0
1079,merchant 1970,3,3.0,0.0,0.0
1080,merchant 1971,1,1.0,0.0,0.0
1081,merchant 1972,1,1.0,0.0,0.0
1082,merchant 1973,1,1.0,0.0,0.0
1083,merchant 1974,1,1.0,0.0,0.0
1084,merchant 1975,3,3.0,0.0,0.0
1085,merchant 1976,2,2.0,0.0,0.0
1086,merchant 1977,2,2.0,0.0,0.0
1087,merchant 1978,1,1.0,0.0,0.0
1088,merchant 1979,3,3.0,0.0,0.0
1089,merchant 198,279,279.0,0.0,0.0
1090,merchant 1980,1,1.0,0.0,0.0
1091,merchant 1981,1,1.0,0.0,0.0
1092,merchant 1982,1,1.0,0.0,0.0
1075,merchant 1967,2,2.0,0.0,0.0
1074,merchant 1966,2,2.0,0.0,0.0
1073,merchant 1965,3,3.0,0.0,0.0
1062,merchant 1955,2,2.0,0.0,0.0
1055,merchant 1949,1,1.0,0.0,0.0
1056,merchant 195,53,53.0,0.0,0.0
1057,merchant 1950,2,2.0,0.0,0.0
1058,merchant 1951,2,2.0,0.0,0.0
1059,merchant 1952,1,1.0,0.0,0.0
1060,merchant 1953,1,1.0,0.0,0.0
1061,merchant 1954,2,2.0,0.0,0.0
1063,merchant 1956,1,1.0,0.0,0.0
1072,merchant 1964,3,3.0,0.0,0.0
1064,merchant 1957,1,1.0,0.0,0.0
1065,merchant 1958,3,3.0,0.0,0.0
1066,merchant 1959,1,1.0,0.0,0.0
1067,merchant 196,50,50.0,0.0,0.0
1068,merchant 1960,1,1.0,0.0,0.0
1069,merchant 1961,1,1.0,0.0,0.0
1071,merchant 1963,1,1.0,0.0,0.0
1177,merchant 2058,1,1.0,0.0,0.0
1180,merchant 2060,1,1.0,0.0,0.0
680,merchant 1610,7,7.0,0.0,0.0
1306,merchant 2174,7,7.0,0.0,0.0
1288,merchant 2158,3,3.0,0.0,0.0
1289,merchant 2159,2,2.0,0.0,0.0
1290,merchant 216,102,102.0,0.0,0.0
1291,merchant 2160,1,1.0,0.0,0.0
1292,merchant 2161,1,1.0,0.0,0.0
1293,merchant 2162,1,1.0,0.0,0.0
1294,merchant 2163,2,2.0,0.0,0.0
1295,merchant 2164,1,1.0,0.0,0.0
1296,merchant 2165,1,1.0,0.0,0.0
1297,merchant 2166,2,2.0,0.0,0.0
1298,merchant 2167,5,5.0,0.0,0.0
1299,merchant 2168,1,1.0,0.0,0.0
1300,merchant 2169,2,2.0,0.0,0.0
1301,merchant 217,173,173.0,0.0,0.0
1302,merchant 2170,4,4.0,0.0,0.0
1303,merchant 2171,4,4.0,0.0,0.0
1304,merchant 2172,1,1.0,0.0,0.0
1287,merchant 2157,1,1.0,0.0,0.0
1286,merchant 2156,2,2.0,0.0,0.0
1285,merchant 2155,1,1.0,0.0,0.0
1274,merchant 2145,4,4.0,0.0,0.0
1267,merchant 2139,1,1.0,0.0,0.0
1268,merchant 214,1,1.0,0.0,0.0
1269,merchant 2140,1,1.0,0.0,0.0
1270,merchant 2141,1,1.0,0.0,0.0
1271,merchant 2142,1,1.0,0.0,0.0
1272,merchant 2143,1,1.0,0.0,0.0
1273,merchant 2144,1,1.0,0.0,0.0
1276,merchant 2147,3,3.0,0.0,0.0
1284,merchant 2154,1,1.0,0.0,0.0
1277,merchant 2148,1,1.0,0.0,0.0
1278,merchant 2149,1,1.0,0.0,0.0
1279,merchant 215,400,400.0,0.0,0.0
1280,merchant 2150,2,2.0,0.0,0.0
1281,merchant 2151,1,1.0,0.0,0.0
1282,merchant 2152,1,1.0,0.0,0.0
1283,merchant 2153,2,2.0,0.0,0.0
1305,merchant 2173,2,2.0,0.0,0.0
1307,merchant 2175,2,2.0,0.0,0.0
1265,merchant 2137,1,1.0,0.0,0.0
1308,merchant 2176,3,3.0,0.0,0.0
1,merchant 10,256,256.0,0.0,0.0
1330,merchant 2196,1,1.0,0.0,0.0
1331,merchant 2197,1,1.0,0.0,0.0
1332,merchant 2198,2,2.0,0.0,0.0
1333,merchant 2199,2,2.0,0.0,0.0
1335,merchant 220,64,64.0,0.0,0.0
1336,merchant 2200,1,1.0,0.0,0.0
1337,merchant 2201,3,3.0,0.0,0.0
1338,merchant 2202,1,1.0,0.0,0.0
1339,merchant 2203,1,1.0,0.0,0.0
1340,merchant 2204,1,1.0,0.0,0.0
1341,merchant 2205,2,2.0,0.0,0.0
1342,merchant 2206,2,2.0,0.0,0.0
1343,merchant 2207,1,1.0,0.0,0.0
1344,merchant 2208,1,1.0,0.0,0.0
1345,merchant 2209,1,1.0,0.0,0.0
1346,merchant 221,1,1.0,0.0,0.0
1328,merchant 2194,3,3.0,0.0,0.0
1327,merchant 2193,1,1.0,0.0,0.0
1326,merchant 2192,1,1.0,0.0,0.0
1316,merchant 2183,1,1.0,0.0,0.0
1309,merchant 2177,1,1.0,0.0,0.0
1310,merchant 2178,1,1.0,0.0,0.0
1311,merchant 2179,2,2.0,0.0,0.0
1312,merchant 218,10,10.0,0.0,0.0
1313,merchant 2180,1,1.0,0.0,0.0
1314,merchant 2181,2,2.0,0.0,0.0
1315,merchant 2182,1,1.0,0.0,0.0
1317,merchant 2184,1,1.0,0.0,0.0
1325,merchant 2191,2,2.0,0.0,0.0
1318,merchant 2185,1,1.0,0.0,0.0
1319,merchant 2186,1,1.0,0.0,0.0
1320,merchant 2187,1,1.0,0.0,0.0
1321,merchant 2188,1,1.0,0.0,0.0
1322,merchant 2189,1,1.0,0.0,0.0
1323,merchant 219,3,3.0,0.0,0.0
1324,merchant 2190,2,2.0,0.0,0.0
1266,merchant 2138,1,1.0,0.0,0.0
1264,merchant 2136,4,4.0,0.0,0.0
1181,merchant 2061,3,3.0,0.0,0.0
1221,merchant 2098,1,1.0,0.0,0.0
1203,merchant 2081,4,4.0,0.0,0.0
1204,merchant 2082,1,1.0,0.0,0.0
1205,merchant 2083,1,1.0,0.0,0.0
1206,merchant 2084,1,1.0,0.0,0.0
1207,merchant 2085,1,1.0,0.0,0.0
1208,merchant 2086,3,3.0,0.0,0.0
1209,merchant 2087,6,6.0,0.0,0.0
1210,merchant 2088,1,1.0,0.0,0.0
1211,merchant 2089,1,1.0,0.0,0.0
1212,merchant 209,30,30.0,0.0,0.0
1213,merchant 2090,1,1.0,0.0,0.0
1214,merchant 2091,2,2.0,0.0,0.0
1215,merchant 2092,1,1.0,0.0,0.0
1216,merchant 2093,1,1.0,0.0,0.0
1217,merchant 2094,1,1.0,0.0,0.0
1218,merchant 2095,2,2.0,0.0,0.0
1219,merchant 2096,1,1.0,0.0,0.0
1202,merchant 2080,1,1.0,0.0,0.0
1201,merchant 208,333,333.0,0.0,0.0
1200,merchant 2079,1,1.0,0.0,0.0
1190,merchant 207,25,25.0,0.0,0.0
1182,merchant 2062,6,6.0,0.0,0.0
1183,merchant 2063,1,1.0,0.0,0.0
1184,merchant 2064,5,5.0,0.0,0.0
1185,merchant 2065,1,1.0,0.0,0.0
1186,merchant 2066,1,1.0,0.0,0.0
1188,merchant 2068,1,1.0,0.0,0.0
1189,merchant 2069,1,1.0,0.0,0.0
1191,merchant 2070,1,1.0,0.0,0.0
1199,merchant 2078,4,4.0,0.0,0.0
1192,merchant 2071,8,8.0,0.0,0.0
1193,merchant 2072,1,1.0,0.0,0.0
1194,merchant 2073,1,1.0,0.0,0.0
1195,merchant 2074,2,2.0,0.0,0.0
1196,merchant 2075,1,1.0,0.0,0.0
1197,merchant 2076,2,2.0,0.0,0.0
1198,merchant 2077,1,1.0,0.0,0.0
1220,merchant 2097,1,1.0,0.0,0.0
1222,merchant 2099,2,2.0,0.0,0.0
1263,merchant 2135,1,1.0,0.0,0.0
1223,merchant 21,480,480.0,0.0,0.0
1246,merchant 212,14,14.0,0.0,0.0
1247,merchant 2120,1,1.0,0.0,0.0
1248,merchant 2121,2,2.0,0.0,0.0
1249,merchant 2122,1,1.0,0.0,0.0
1250,merchant 2123,1,1.0,0.0,0.0
1251,merchant 2124,1,1.0,0.0,0.0
1252,merchant 2125,1,1.0,0.0,0.0
1253,merchant 2126,1,1.0,0.0,0.0
1254,merchant 2127,2,2.0,0.0,0.0
1255,merchant 2128,1,1.0,0.0,0.0
1256,merchant 2129,4,4.0,0.0,0.0
1257,merchant 213,109,109.0,0.0,0.0
1258,merchant 2130,1,1.0,0.0,0.0
1259,merchant 2131,1,1.0,0.0,0.0
1260,merchant 2132,1,1.0,0.0,0.0
1261,merchant 2133,2,2.0,0.0,0.0
1262,merchant 2134,1,1.0,0.0,0.0
1245,merchant 2119,1,1.0,0.0,0.0
1244,merchant 2118,4,4.0,0.0,0.0
1243,merchant 2117,1,1.0,0.0,0.0
1232,merchant 2107,1,1.0,0.0,0.0
1225,merchant 2100,1,1.0,0.0,0.0
1226,merchant 2101,1,1.0,0.0,0.0
1227,merchant 2102,1,1.0,0.0,0.0
1228,merchant 2103,2,2.0,0.0,0.0
1229,merchant 2104,1,1.0,0.0,0.0
1230,merchant 2105,1,1.0,0.0,0.0
1231,merchant 2106,2,2.0,0.0,0.0
1233,merchant 2108,4,4.0,0.0,0.0
1242,merchant 2116,1,1.0,0.0,0.0
1234,merchant 2109,1,1.0,0.0,0.0
1236,merchant 2110,1,1.0,0.0,0.0
1237,merchant 2111,3,3.0,0.0,0.0
1238,merchant 2112,1,1.0,0.0,0.0
1239,merchant 2113,1,1.0,0.0,0.0
1240,merchant 2114,1,1.0,0.0,0.0
1241,merchant 2115,2,2.0,0.0,0.0
1013,merchant 1910,1,1.0,0.0,0.0
1012,merchant 191,34,34.0,0.0,0.0
1011,merchant 1909,1,1.0,0.0,0.0
801,merchant 172,165,165.0,0.0,0.0
783,merchant 1703,1,1.0,0.0,0.0
784,merchant 1704,1,1.0,0.0,0.0
785,merchant 1705,1,1.0,0.0,0.0
786,merchant 1706,1,1.0,0.0,0.0
787,merchant 1707,3,3.0,0.0,0.0
788,merchant 1708,1,1.0,0.0,0.0
789,merchant 1709,1,1.0,0.0,0.0
790,merchant 171,1,1.0,0.0,0.0
791,merchant 1710,1,1.0,0.0,0.0
792,merchant 1711,6,6.0,0.0,0.0
793,merchant 1712,1,1.0,0.0,0.0
794,merchant 1713,3,3.0,0.0,0.0
795,merchant 1714,3,3.0,0.0,0.0
796,merchant 1715,3,3.0,0.0,0.0
797,merchant 1716,5,5.0,0.0,0.0
798,merchant 1717,1,1.0,0.0,0.0
799,merchant 1718,1,1.0,0.0,0.0
782,merchant 1702,4,4.0,0.0,0.0
781,merchant 1701,1,1.0,0.0,0.0
780,merchant 1700,2,2.0,0.0,0.0
770,merchant 1692,1,1.0,0.0,0.0
763,merchant 1686,1,1.0,0.0,0.0
764,merchant 1687,2,2.0,0.0,0.0
765,merchant 1688,4,4.0,0.0,0.0
766,merchant 1689,1,1.0,0.0,0.0
767,merchant 169,33,33.0,0.0,0.0
768,merchant 1690,2,2.0,0.0,0.0
769,merchant 1691,11,11.0,0.0,0.0
771,merchant 1693,2,2.0,0.0,0.0
779,merchant 170,47,47.0,0.0,0.0
772,merchant 1694,1,1.0,0.0,0.0
773,merchant 1695,4,4.0,0.0,0.0
774,merchant 1696,4,4.0,0.0,0.0
775,merchant 1697,2,2.0,0.0,0.0
776,merchant 1698,1,1.0,0.0,0.0
777,merchant 1699,2,2.0,0.0,0.0
778,merchant 17,279,279.0,0.0,0.0
800,merchant 1719,6,6.0,0.0,0.0
802,merchant 1720,10,10.0,0.0,0.0
761,merchant 1684,4,4.0,0.0,0.0
803,merchant 1721,1,1.0,0.0,0.0
825,merchant 1741,1,1.0,0.0,0.0
826,merchant 1742,5,5.0,0.0,0.0
827,merchant 1743,1,1.0,0.0,0.0
828,merchant 1744,1,1.0,0.0,0.0
829,merchant 1745,3,3.0,0.0,0.0
830,merchant 1746,4,4.0,0.0,0.0
831,merchant 1747,1,1.0,0.0,0.0
832,merchant 1748,1,1.0,0.0,0.0
833,merchant 1749,2,2.0,0.0,0.0
834,merchant 175,214,214.0,0.0,0.0
835,merchant 1750,2,2.0,0.0,0.0
836,merchant 1751,3,3.0,0.0,0.0
837,merchant 1752,3,3.0,0.0,0.0
838,merchant 1753,1,1.0,0.0,0.0
839,merchant 1754,1,1.0,0.0,0.0
840,merchant 1755,1,1.0,0.0,0.0
841,merchant 1756,1,1.0,0.0,0.0
824,merchant 1740,6,6.0,0.0,0.0
823,merchant 174,1112,1112.0,0.0,0.0
822,merchant 1739,2,2.0,0.0,0.0
811,merchant 1729,2,2.0,0.0,0.0
804,merchant 1722,2,2.0,0.0,0.0
805,merchant 1723,4,4.0,0.0,0.0
806,merchant 1724,1,1.0,0.0,0.0
807,merchant 1725,5,5.0,0.0,0.0
808,merchant 1726,6,6.0,0.0,0.0
809,merchant 1727,2,2.0,0.0,0.0
810,merchant 1728,1,1.0,0.0,0.0
812,merchant 173,81,81.0,0.0,0.0
821,merchant 1738,5,5.0,0.0,0.0
813,merchant 1730,1,1.0,0.0,0.0
814,merchant 1731,1,1.0,0.0,0.0
815,merchant 1732,1,1.0,0.0,0.0
816,merchant 1733,2,2.0,0.0,0.0
817,merchant 1734,1,1.0,0.0,0.0
818,merchant 1735,2,2.0,0.0,0.0
820,merchant 1737,2,2.0,0.0,0.0
762,merchant 1685,2,2.0,0.0,0.0
760,merchant 1683,1,1.0,0.0,0.0
1010,merchant 1908,2,2.0,0.0,0.0
719,merchant 1646,2,2.0,0.0,0.0
701,merchant 163,69,69.0,0.0,0.0
702,merchant 1630,6,6.0,0.0,0.0
703,merchant 1631,9,9.0,0.0,0.0
704,merchant 1632,4,4.0,0.0,0.0
705,merchant 1633,3,3.0,0.0,0.0
706,merchant 1634,1,1.0,0.0,0.0
707,merchant 1635,2,2.0,0.0,0.0
708,merchant 1636,6,6.0,0.0,0.0
709,merchant 1637,2,2.0,0.0,0.0
710,merchant 1638,3,3.0,0.0,0.0
711,merchant 1639,1,1.0,0.0,0.0
712,merchant 164,4,4.0,0.0,0.0
713,merchant 1640,9,9.0,0.0,0.0
714,merchant 1641,2,2.0,0.0,0.0
715,merchant 1642,6,6.0,0.0,0.0
716,merchant 1643,2,2.0,0.0,0.0
717,merchant 1644,1,1.0,0.0,0.0
700,merchant 1629,1,1.0,0.0,0.0
699,merchant 1628,2,2.0,0.0,0.0
698,merchant 1627,3,3.0,0.0,0.0
688,merchant 1618,1,1.0,0.0,0.0
681,merchant 1611,3,3.0,0.0,0.0
682,merchant 1612,2,2.0,0.0,0.0
683,merchant 1613,1,1.0,0.0,0.0
684,merchant 1614,1,1.0,0.0,0.0
685,merchant 1615,1,1.0,0.0,0.0
686,merchant 1616,3,3.0,0.0,0.0
687,merchant 1617,1,1.0,0.0,0.0
689,merchant 1619,1,1.0,0.0,0.0
697,merchant 1626,4,4.0,0.0,0.0
690,merchant 162,214,214.0,0.0,0.0
691,merchant 1620,3,3.0,0.0,0.0
692,merchant 1621,1,1.0,0.0,0.0
693,merchant 1622,1,1.0,0.0,0.0
694,merchant 1623,2,2.0,0.0,0.0
695,merchant 1624,3,3.0,0.0,0.0
696,merchant 1625,1,1.0,0.0,0.0
718,merchant 1645,1,1.0,0.0,0.0
720,merchant 1647,1,1.0,0.0,0.0
759,merchant 1682,6,6.0,0.0,0.0
721,merchant 1648,1,1.0,0.0,0.0
742,merchant 1667,1,1.0,0.0,0.0
743,merchant 1668,2,2.0,0.0,0.0
744,merchant 1669,2,2.0,0.0,0.0
745,merchant 167,3,3.0,0.0,0.0
746,merchant 1670,2,2.0,0.0,0.0
747,merchant 1671,1,1.0,0.0,0.0
748,merchant 1672,1,1.0,0.0,0.0
749,merchant 1673,1,1.0,0.0,0.0
750,merchant 1674,3,3.0,0.0,0.0
751,merchant 1675,5,5.0,0.0,0.0
752,merchant 1676,1,1.0,0.0,0.0
753,merchant 1677,3,3.0,0.0,0.0
754,merchant 1678,2,2.0,0.0,0.0
755,merchant 1679,2,2.0,0.0,0.0
756,merchant 168,2,2.0,0.0,0.0
757,merchant 1680,1,1.0,0.0,0.0
758,merchant 1681,2,2.0,0.0,0.0
741,merchant 1666,1,1.0,0.0,0.0
740,merchant 1665,1,1.0,0.0,0.0
739,merchant 1664,5,5.0,0.0,0.0
729,merchant 1655,2,2.0,0.0,0.0
722,merchant 1649,3,3.0,0.0,0.0
723,merchant 165,2,2.0,0.0,0.0
724,merchant 1650,2,2.0,0.0,0.0
725,merchant 1651,3,3.0,0.0,0.0
726,merchant 1652,4,4.0,0.0,0.0
727,merchant 1653,12,12.0,0.0,0.0
728,merchant 1654,1,1.0,0.0,0.0
730,merchant 1656,1,1.0,0.0,0.0
738,merchant 1663,1,1.0,0.0,0.0
731,merchant 1657,4,4.0,0.0,0.0
732,merchant 1658,1,1.0,0.0,0.0
733,merchant 1659,13,13.0,0.0,0.0
734,merchant 166,44,44.0,0.0,0.0
735,merchant 1660,2,2.0,0.0,0.0
736,merchant 1661,5,5.0,0.0,0.0
737,merchant 1662,1,1.0,0.0,0.0
842,merchant 1757,2,2.0,0.0,0.0
843,merchant 1758,3,3.0,0.0,0.0
844,merchant 1759,3,3.0,0.0,0.0
970,merchant 1872,4,4.0,0.0,0.0
951,merchant 1855,6,6.0,0.0,0.0
952,merchant 1856,2,2.0,0.0,0.0
953,merchant 1857,1,1.0,0.0,0.0
954,merchant 1858,1,1.0,0.0,0.0
955,merchant 1859,2,2.0,0.0,0.0
957,merchant 1860,2,2.0,0.0,0.0
958,merchant 1861,1,1.0,0.0,0.0
959,merchant 1862,1,1.0,0.0,0.0
960,merchant 1863,2,2.0,0.0,0.0
961,merchant 1864,3,3.0,0.0,0.0
962,merchant 1865,1,1.0,0.0,0.0
963,merchant 1866,1,1.0,0.0,0.0
964,merchant 1867,1,1.0,0.0,0.0
965,merchant 1868,2,2.0,0.0,0.0
966,merchant 1869,2,2.0,0.0,0.0
967,merchant 187,2,2.0,0.0,0.0
968,merchant 1870,2,2.0,0.0,0.0
950,merchant 1854,2,2.0,0.0,0.0
949,merchant 1853,5,5.0,0.0,0.0
948,merchant 1852,1,1.0,0.0,0.0
938,merchant 1843,1,1.0,0.0,0.0
931,merchant 1837,1,1.0,0.0,0.0
932,merchant 1838,3,3.0,0.0,0.0
933,merchant 1839,3,3.0,0.0,0.0
934,merchant 184,19,19.0,0.0,0.0
935,merchant 1840,5,5.0,0.0,0.0
936,merchant 1841,1,1.0,0.0,0.0
937,merchant 1842,1,1.0,0.0,0.0
939,merchant 1844,1,1.0,0.0,0.0
947,merchant 1851,3,3.0,0.0,0.0
940,merchant 1845,3,3.0,0.0,0.0
941,merchant 1846,2,2.0,0.0,0.0
942,merchant 1847,2,2.0,0.0,0.0
943,merchant 1848,1,1.0,0.0,0.0
944,merchant 1849,3,3.0,0.0,0.0
945,merchant 185,69,69.0,0.0,0.0
946,merchant 1850,1,1.0,0.0,0.0
969,merchant 1871,3,3.0,0.0,0.0
971,merchant 1873,1,1.0,0.0,0.0
845,merchant 176,144,144.0,0.0,0.0
972,merchant 1874,1,1.0,0.0,0.0
993,merchant 1893,1,1.0,0.0,0.0
994,merchant 1894,1,1.0,0.0,0.0
995,merchant 1895,2,2.0,0.0,0.0
996,merchant 1896,1,1.0,0.0,0.0
997,merchant 1897,1,1.0,0.0,0.0
998,merchant 1898,5,5.0,0.0,0.0
999,merchant 1899,2,2.0,0.0,0.0
1000,merchant 19,522,522.0,0.0,0.0
1001,merchant 190,69,69.0,0.0,0.0
1002,merchant 1900,1,1.0,0.0,0.0
1003,merchant 1901,2,2.0,0.0,0.0
1004,merchant 1902,3,3.0,0.0,0.0
1005,merchant 1903,1,1.0,0.0,0.0
1006,merchant 1904,1,1.0,0.0,0.0
1007,merchant 1905,1,1.0,0.0,0.0
1008,merchant 1906,2,2.0,0.0,0.0
1009,merchant 1907,2,2.0,0.0,0.0
992,merchant 1892,1,1.0,0.0,0.0
991,merchant 1891,5,5.0,0.0,0.0
990,merchant 1890,1,1.0,0.0,0.0
980,merchant 1881,1,1.0,0.0,0.0
973,merchant 1875,2,2.0,0.0,0.0
974,merchant 1876,1,1.0,0.0,0.0
975,merchant 1877,3,3.0,0.0,0.0
976,merchant 1878,3,3.0,0.0,0.0
977,merchant 1879,2,2.0,0.0,0.0
978,merchant 188,9,9.0,0.0,0.0
979,merchant 1880,2,2.0,0.0,0.0
981,merchant 1882,2,2.0,0.0,0.0
989,merchant 189,413,413.0,0.0,0.0
982,merchant 1883,4,4.0,0.0,0.0
983,merchant 1884,1,1.0,0.0,0.0
984,merchant 1885,5,5.0,0.0,0.0
985,merchant 1886,2,2.0,0.0,0.0
986,merchant 1887,1,1.0,0.0,0.0
987,merchant 1888,2,2.0,0.0,0.0
988,merchant 1889,2,2.0,0.0,0.0
930,merchant 1836,2,2.0,0.0,0.0
929,merchant 1835,3,3.0,0.0,0.0
928,merchant 1834,2,2.0,0.0,0.0
927,merchant 1833,1,1.0,0.0,0.0
870,merchant 1782,14,14.0,0.0,0.0
871,merchant 1783,1,1.0,0.0,0.0
872,merchant 1784,2,2.0,0.0,0.0
873,merchant 1785,2,2.0,0.0,0.0
874,merchant 1786,2,2.0,0.0,0.0
875,merchant 1787,1,1.0,0.0,0.0
876,merchant 1788,2,2.0,0.0,0.0
877,merchant 1789,3,3.0,0.0,0.0
878,merchant 179,1,1.0,0.0,0.0
879,merchant 1790,2,2.0,0.0,0.0
880,merchant 1791,3,3.0,0.0,0.0
881,merchant 1792,3,3.0,0.0,0.0
882,merchant 1793,3,3.0,0.0,0.0
883,merchant 1794,1,1.0,0.0,0.0
884,merchant 1795,3,3.0,0.0,0.0
885,merchant 1796,8,8.0,0.0,0.0
886,merchant 1797,2,2.0,0.0,0.0
869,merchant 1781,3,3.0,0.0,0.0
868,merchant 1780,4,4.0,0.0,0.0
865,merchant 1778,1,1.0,0.0,0.0
853,merchant 1767,5,5.0,0.0,0.0
846,merchant 1760,1,1.0,0.0,0.0
847,merchant 1761,1,1.0,0.0,0.0
848,merchant 1762,2,2.0,0.0,0.0
849,merchant 1763,1,1.0,0.0,0.0
850,merchant 1764,2,2.0,0.0,0.0
851,merchant 1765,1,1.0,0.0,0.0
852,merchant 1766,3,3.0,0.0,0.0
854,merchant 1768,2,2.0,0.0,0.0
864,merchant 1777,1,1.0,0.0,0.0
855,merchant 1769,4,4.0,0.0,0.0
858,merchant 1771,4,4.0,0.0,0.0
859,merchant 1772,1,1.0,0.0,0.0
860,merchant 1773,8,8.0,0.0,0.0
861,merchant 1774,4,4.0,0.0,0.0
862,merchant 1775,9,9.0,0.0,0.0
863,merchant 1776,1,1.0,0.0,0.0
887,merchant 1798,1,1.0,0.0,0.0
888,merchant 1799,2,2.0,0.0,0.0
889,merchant 18,111,111.0,0.0,0.0
918,merchant 1825,5,5.0,0.0,0.0
911,merchant 1819,1,1.0,0.0,0.0
912,merchant 182,3,3.0,0.0,0.0
913,merchant 1820,3,3.0,0.0,0.0
914,merchant 1821,5,5.0,0.0,0.0
915,merchant 1822,2,2.0,0.0,0.0
916,merchant 1823,2,2.0,0.0,0.0
917,merchant 1824,1,1.0,0.0,0.0
919,merchant 1826,1,1.0,0.0,0.0
909,merchant 1817,1,1.0,0.0,0.0
920,merchant 1827,1,1.0,0.0,0.0
921,merchant 1828,1,1.0,0.0,0.0
922,merchant 1829,1,1.0,0.0,0.0
923,merchant 183,22,22.0,0.0,0.0
924,merchant 1830,1,1.0,0.0,0.0
925,merchant 1831,4,4.0,0.0,0.0
926,merchant 1832,2,2.0,0.0,0.0
910,merchant 1818,4,4.0,0.0,0.0
908,merchant 1816,10,10.0,0.0,0.0
890,merchant 180,16,16.0,0.0,0.0
898,merchant 1807,4,4.0,0.0,0.0
891,merchant 1800,2,2.0,0.0,0.0
892,merchant 1801,1,1.0,0.0,0.0
893,merchant 1802,1,1.0,0.0,0.0
894,merchant 1803,2,2.0,0.0,0.0
895,merchant 1804,1,1.0,0.0,0.0
896,merchant 1805,1,1.0,0.0,0.0
897,merchant 1806,1,1.0,0.0,0.0
899,merchant 1808,4,4.0,0.0,0.0
907,merchant 1815,2,2.0,0.0,0.0
900,merchant 1809,1,1.0,0.0,0.0
901,merchant 181,1,1.0,0.0,0.0
902,merchant 1810,2,2.0,0.0,0.0
903,merchant 1811,1,1.0,0.0,0.0
904,merchant 1812,1,1.0,0.0,0.0
905,merchant 1813,1,1.0,0.0,0.0
906,merchant 1814,3,3.0,0.0,0.0
2657,merchant 999,10,10.0,0.0,0.0
